,Country,Year,MtCO2e
0,Afghanistan,1990,12.003817680556685
1,Albania,1990,4.783988364166206
2,Algeria,1990,32.13247984859248
3,Andorra,1990,0.022862673273489568
4,Angola,1990,128.03935070606903
5,Antigua and Barbuda,1990,0.14201263451057303
6,Argentina,1990,138.3766296267518
7,Armenia,1990,3.4048930175660925
8,Australia,1990,162.09128847704352
9,Austria,1990,16.053763540697414
10,Azerbaijan,1990,17.694450378539855
11,Bahamas,1990,0.17192020005733502
12,Bahrain,1990,2.7769117558876024
13,Bangladesh,1990,49.70417082310634
14,Barbados,1990,1.7786507696280953
15,Belarus,1990,36.1465758825496
16,Belgium,1990,21.001462352152462
17,Belize,1990,5.118200960788426
18,Benin,1990,9.403896097212439
19,Bhutan,1990,1.3669464417702621
20,Bolivia,1990,38.47947945597349
21,Bosnia and Herzegovina,1990,4.542035828873346
22,Botswana,1990,10.4025289639758
23,Brazil,1990,509.17873692277703
24,Brunei,1990,10.038067021875717
25,Bulgaria,1990,28.07318579930426
26,Burkina Faso,1990,9.43962792835887
27,Burma,1990,162.551991461745
28,Burundi,1990,1.386317467195663
29,Cambodia,1990,12.731797109719345
30,Cameroon,1990,84.19397416503152
31,Canada,1990,134.0985061700616
32,Cape Verde,1990,0.08012736181206886
33,Central African Republic,1990,113.05137590984471
34,Chad,1990,22.010429302118457
35,Chile,1990,15.930527281084672
36,China,1990,1006.0387188953765
37,Colombia,1990,77.84138976207453
38,Comoros,1990,0.1314892731165704
39,Congo (Brazzaville),1990,9.009726936697874
40,Congo (Kinshasa),1990,237.216987200796
41,Cook Islands,1990,0.056060490145829894
42,Costa Rica,1990,3.8226286298540244
43,Cote d'Ivoire,1990,48.15088831174562
44,Croatia,1990,8.437717571801363
45,Cuba,1990,29.910444813728162
46,Cyprus,1990,0.6688027828237245
47,Czech Republic,1990,32.11533148731645
48,Denmark,1990,15.420113930852413
49,Djibouti,1990,0.4512774165241559
50,Dominica,1990,0.09812429399437703
51,Dominican Republic,1990,4.338072162570707
52,Ecuador,1990,14.41209446612556
53,Egypt,1990,39.02365807674447
54,El Salvador,1990,4.689715171552846
55,Equatorial Guinea,1990,0.10046850792642192
56,Eritrea,1990,5.148802110901509
57,Estonia,1990,5.101398794117582
58,Ethiopia,1990,73.51352691157764
59,Fiji,1990,0.7708092430912358
60,Finland,1990,18.592482591658342
61,France,1990,163.44423734123183
62,Gabon,1990,2.887608006256155
63,Gambia,1990,4.063940514525266
64,Georgia,1990,13.604072325848344
65,Germany,1990,202.2305180841865
66,Ghana,1990,14.061659120502048
67,Greece,1990,21.655912561054926
68,Grenada,1990,1.449798566916195
69,Guatemala,1990,9.834388592750656
70,Guinea,1990,14.549942706139454
71,Guinea-Bissau,1990,1.3398753774210708
72,Guyana,1990,2.5371940757446785
73,Haiti,1990,3.7889878761551703
74,Holy See,1990,0.0003044065510753714
75,Honduras,1990,8.388368057796306
76,Hungary,1990,24.91418958226917
77,Iceland,1990,1.2209596678964605
78,India,1990,465.72333488382515
79,Indonesia,1990,274.0902214456386
80,Iran,1990,57.00564377377204
81,Iraq,1990,89.72084710239706
82,Ireland,1990,22.496220215878648
83,Israel,1990,8.077833927337545
84,Italy,1990,83.63807686833805
85,Jamaica,1990,3.0145587263790934
86,Japan,1990,93.76490054394782
87,Jordan,1990,7.249408860677281
88,Kazakhstan,1990,109.70951475221301
89,Kenya,1990,28.18300585989432
90,Kiribati,1990,0.01279032232266543
91,Kuwait,1990,48.84047299254755
92,Kyrgyzstan,1990,6.8164496108914925
93,Laos,1990,14.035683651848748
94,Latvia,1990,7.600213609697797
95,Lebanon,1990,2.186097485683338
96,Lesotho,1990,1.738936097184722
97,Liberia,1990,0.7719428375039754
98,Libya,1990,57.56120793256579
99,Liechtenstein,1990,0.026402504791962784
100,Lithuania,1990,13.305536284290485
101,Luxembourg,1990,0.9635856269182796
102,Macedonia,1990,3.194682829568788
103,Madagascar,1990,21.38721710958247
104,Malawi,1990,10.123105567163403
105,Malaysia,1990,61.78493159553746
106,Maldives,1990,0.045014163371429404
107,Mali,1990,15.659331866146234
108,Malta,1990,0.20854229602237534
109,Marshall Islands,1990,0.022612883899586888
110,Mauritania,1990,4.930377221978454
111,Mauritius,1990,0.9496388836049917
112,Mexico,1990,129.67677613242782
113,Micronesia (Federated States of),1990,0.0328370028153427
114,Moldova,1990,8.285529028854151
115,Monaco,1990,0.01085715735860661
116,Mongolia,1990,12.036546044509734
117,Montenegro,1990,2.261518543311979
118,Morocco,1990,11.999505117555174
119,Mozambique,1990,20.25695693105192
120,Namibia,1990,6.037382459510645
121,Nauru,1990,0.008309560595013959
122,Nepal,1990,23.463325896122807
123,Netherlands,1990,51.58339251118954
124,New Zealand,1990,34.02051359798783
125,Nicaragua,1990,5.415462395951022
126,Niger,1990,4.99335249645518
127,Nigeria,1990,154.0725611293513
128,Niue,1990,0.030269298172285894
129,North Korea,1990,34.22492018315928
130,Norway,1990,15.645382632731742
131,Oman,1990,27.88505480420028
132,Pakistan,1990,86.30322757917082
133,Palau,1990,0.012073917734425597
134,Panama,1990,4.501726536577944
135,Papua New Guinea,1990,5.576556433463079
136,Paraguay,1990,31.74275191069629
137,Peru,1990,30.796408931984036
138,Philippines,1990,42.76141406697916
139,Poland,1990,84.40402249216852
140,Portugal,1990,15.724414567820348
141,Qatar,1990,1.604482658679465
142,Romania,1990,80.11081437871444
143,Russia,1990,903.7095210084608
144,Rwanda,1990,2.4346152322835706
145,Saint Kitts and Nevis,1990,0.08011389509306305
146,Saint Lucia,1990,0.617719417270507
147,Saint Vincent and the Grenadines,1990,0.07005436419121876
148,Samoa,1990,0.20511462069445627
149,San Marino,1990,0.021308427778500918
150,Sao Tome and Principe,1990,0.048968000484213764
151,Saudi Arabia,1990,27.08306815899075
152,Senegal,1990,9.74279511111252
153,Serbia,1990,18.075049932571233
154,Seychelles,1990,0.06217997111788217
155,Sierra Leone,1990,4.425898505464731
156,Singapore,1990,1.2058654345443365
157,Slovakia,1990,11.443293932376873
158,Slovenia,1990,3.74432791515469
159,Solomon Islands,1990,0.1958938717807905
160,Somalia,1990,21.433811732951952
161,South Africa,1990,73.44904215822464
162,South Korea,1990,43.378471625548954
163,Spain,1990,58.62175948319384
164,Sri Lanka,1990,24.597714254284593
165,Sudan,1990,81.04086562755577
166,Suriname,1990,2.4107505368926474
167,Swaziland,1990,1.5607246876111687
168,Sweden,1990,15.733693914979604
169,Switzerland,1990,8.591879154681108
170,Syria,1990,24.131717325956263
171,Tajikistan,1990,6.772196111722102
172,Tanzania,1990,60.735926888122385
173,Thailand,1990,74.48103406052273
174,Timor-Leste,1990,0.6820372587096785
175,Togo,1990,7.822202619719928
176,Tonga,1990,0.1779484850688921
177,Trinidad and Tobago,1990,0.9372577198789622
178,Tunisia,1990,5.934459554910067
179,Turkey,1990,63.79812419985169
180,Turkmenistan,1990,24.633145462677057
181,Tuvalu,1990,0.006499921454319595
182,Uganda,1990,16.97819921100321
183,Ukraine,1990,211.49492593494733
184,United Arab Emirates,1990,19.32793609803531
185,United Kingdom,1990,182.96534217970566
186,United States,1990,1078.2300590820398
187,Uruguay,1990,20.636640665816852
188,Uzbekistan,1990,69.78111571603188
189,Vanuatu,1990,0.3728024738469397
190,Venezuela,1990,70.09125673529199
191,Vietnam,1990,56.71850488760238
192,Yemen,1990,4.750286978560769
193,Zambia,1990,79.30029031307899
194,Zimbabwe,1990,12.722985582814237
195,Afghanistan,1995,12.451267457995089
196,Albania,1995,3.4348595942417535
197,Algeria,1995,29.682993209713302
198,Andorra,1995,0.0297434758073946
199,Angola,1995,122.7207342468162
200,Antigua and Barbuda,1995,0.183172043369668
201,Argentina,1995,147.87982092137565
202,Armenia,1995,2.6531560086766373
203,Australia,1995,150.00164656589286
204,Austria,1995,15.51313056590568
205,Azerbaijan,1995,13.196652530811257
206,Bahamas,1995,0.18835702323495596
207,Bahrain,1995,3.170661455943607
208,Bangladesh,1995,54.72001340066977
209,Barbados,1995,1.9096863374129014
210,Belarus,1995,26.022675515512898
211,Belgium,1995,21.7625161204638
212,Belize,1995,5.7707855791697344
213,Benin,1995,9.017132791633136
214,Bhutan,1995,1.164120103881721
215,Bolivia,1995,36.28520500966377
216,Bosnia and Herzegovina,1995,3.913243277836604
217,Botswana,1995,9.518703192955709
218,Brazil,1995,523.6022131873219
219,Brunei,1995,10.83361996807789
220,Bulgaria,1995,18.739760743456365
221,Burkina Faso,1995,10.932167245486992
222,Burma,1995,180.4098500198387
223,Burundi,1995,1.4268639556053082
224,Cambodia,1995,14.92236096875607
225,Cameroon,1995,82.95500268098723
226,Canada,1995,185.33537611759874
227,Cape Verde,1995,0.11037858851947453
228,Central African Republic,1995,107.71107790806074
229,Chad,1995,23.086659986537235
230,Chile,1995,20.937173806303996
231,China,1995,1136.7913954410667
232,Colombia,1995,85.76031597533233
233,Comoros,1995,0.1387416817420004
234,Congo (Brazzaville),1995,8.223759858763561
235,Congo (Kinshasa),1995,211.5534592046405
236,Cook Islands,1995,0.06285619882802168
237,Costa Rica,1995,6.070535733293242
238,Cote d'Ivoire,1995,48.0194796856193
239,Croatia,1995,6.025441849773122
240,Cuba,1995,15.615854871267315
241,Cyprus,1995,0.7647384099938498
242,Czech Republic,1995,22.96705138678014
243,Denmark,1995,14.950539508814655
244,Djibouti,1995,0.5146275768015309
245,Dominica,1995,0.09237035929340293
246,Dominican Republic,1995,6.443292701536462
247,Ecuador,1995,17.192673224547885
248,Egypt,1995,45.52443974784715
249,El Salvador,1995,4.752607585084609
250,Equatorial Guinea,1995,0.30138119910376965
251,Eritrea,1995,4.956717033007353
252,Estonia,1995,2.871383050483061
253,Ethiopia,1995,71.34400305392538
254,Fiji,1995,0.8945816139159578
255,Finland,1995,18.36995238468395
256,France,1995,162.34232509780085
257,Gabon,1995,2.9521423896245973
258,Gambia,1995,4.698322957912299
259,Georgia,1995,6.655627009903911
260,Germany,1995,183.82615989148425
261,Ghana,1995,13.847755262088548
262,Greece,1995,22.720812281406108
263,Grenada,1995,1.5042246160636075
264,Guatemala,1995,11.362622721125124
265,Guinea,1995,15.156853929727012
266,Guinea-Bissau,1995,1.4061387409937505
267,Guyana,1995,2.539672047168875
268,Haiti,1995,4.177635587045355
269,Holy See,1995,0.0002797016710325143
270,Honduras,1995,8.907775022762179
271,Hungary,1995,17.175121408262903
272,Iceland,1995,0.8642693850364098
273,India,1995,496.0808684844265
274,Indonesia,1995,302.5198296193898
275,Iran,1995,80.2523738658872
276,Iraq,1995,33.99524085126603
277,Ireland,1995,23.36067243017611
278,Israel,1995,10.205067373285411
279,Italy,1995,86.0299976835816
280,Jamaica,1995,3.106682548658865
281,Japan,1995,103.85826251893859
282,Jordan,1995,8.18970286568769
283,Kazakhstan,1995,60.16947178816271
284,Kenya,1995,27.065891834629976
285,Kiribati,1995,0.013405771978465611
286,Kuwait,1995,83.58999604808211
287,Kyrgyzstan,1995,3.42906247212493
288,Laos,1995,14.530318476658103
289,Latvia,1995,3.743189831652891
290,Lebanon,1995,2.351308799480697
291,Lesotho,1995,1.7970972690566744
292,Liberia,1995,0.6720670345305355
293,Libya,1995,58.363896259444736
294,Liechtenstein,1995,0.026678676004142362
295,Lithuania,1995,6.842489657793544
296,Luxembourg,1995,0.9867096544316627
297,Macedonia,1995,3.102880556715802
298,Madagascar,1995,27.352138770311992
299,Malawi,1995,9.302690398940072
300,Malaysia,1995,69.7716511385462
301,Maldives,1995,0.05365893355937315
302,Mali,1995,15.949362467874305
303,Malta,1995,0.2641847200277383
304,Marshall Islands,1995,0.02473789496464127
305,Mauritania,1995,5.008646413629482
306,Mauritius,1995,1.017938538225835
307,Mexico,1995,146.74110984532345
308,Micronesia (Federated States of),1995,0.03302101731304336
309,Moldova,1995,5.992211961808442
310,Monaco,1995,0.016655870472978236
311,Mongolia,1995,12.731484315074981
312,Montenegro,1995,2.2471233327475275
313,Morocco,1995,19.15800112046068
314,Mozambique,1995,18.79682224145031
315,Namibia,1995,6.280580190040495
316,Nauru,1995,0.00834727532032566
317,Nepal,1995,26.247348268690047
318,Netherlands,1995,51.645882457753146
319,New Zealand,1995,34.97520552230415
320,Nicaragua,1995,6.381918479032852
321,Niger,1995,8.817238633791385
322,Nigeria,1995,166.47297290560212
323,Niue,1995,0.02664248931854594
324,North Korea,1995,25.50588492240308
325,Norway,1995,12.592743241180768
326,Oman,1995,34.780736117863206
327,Pakistan,1995,99.00559747695765
328,Palau,1995,0.019709920506650803
329,Panama,1995,4.797425810091847
330,Papua New Guinea,1995,9.630720259554574
331,Paraguay,1995,34.207152692690705
332,Peru,1995,30.216831974524016
333,Philippines,1995,47.681817166368724
334,Poland,1995,74.25472846213995
335,Portugal,1995,16.90621687649854
336,Qatar,1995,2.071449811741716
337,Romania,1995,59.85712191113718
338,Russia,1995,646.8369818413296
339,Rwanda,1995,2.7009405486241755
340,Saint Kitts and Nevis,1995,0.08224498579174443
341,Saint Lucia,1995,0.6850849102680656
342,Saint Vincent and the Grenadines,1995,0.0715307723922714
343,Samoa,1995,0.20388192102953767
344,San Marino,1995,0.020759869043591624
345,Sao Tome and Principe,1995,0.06284670752895533
346,Saudi Arabia,1995,33.37424007196257
347,Senegal,1995,10.998771063931578
348,Serbia,1995,16.61678250268511
349,Seychelles,1995,0.06486578835417822
350,Sierra Leone,1995,4.3730142053684
351,Singapore,1995,2.0526350928148616
352,Slovakia,1995,8.52796640147192
353,Slovenia,1995,3.474477069700913
354,Solomon Islands,1995,0.22450344538823647
355,Somalia,1995,21.00925593446369
356,South Africa,1995,71.21762565243995
357,South Korea,1995,43.73569402355039
358,Spain,1995,62.8716694962906
359,Sri Lanka,1995,25.076584336029715
360,Sudan,1995,94.70550232790983
361,Suriname,1995,2.4726156635853536
362,Swaziland,1995,1.526967783283907
363,Sweden,1995,15.722566108526966
364,Switzerland,1995,7.9859828565473965
365,Syria,1995,32.288982431661864
366,Tajikistan,1995,5.833109029403372
367,Tanzania,1995,57.24881060427516
368,Thailand,1995,75.57539259010949
369,Timor-Leste,1995,0.8948974901760204
370,Togo,1995,6.836408841058956
371,Tonga,1995,0.179129981072412
372,Trinidad and Tobago,1995,0.9122115945585244
373,Tunisia,1995,6.1044921050153835
374,Turkey,1995,80.04832088624522
375,Turkmenistan,1995,21.416867113569307
376,Tuvalu,1995,0.00707598677772113
377,Uganda,1995,17.761056440831666
378,Ukraine,1995,134.40477555089115
379,United Arab Emirates,1995,22.633163946741252
380,United Kingdom,1995,151.37565400113186
381,United States,1995,1111.8187544083678
382,Uruguay,1995,23.52902683405193
383,Uzbekistan,1995,85.91207914437425
384,Vanuatu,1995,0.436708245211283
385,Venezuela,1995,78.32145258293956
386,Vietnam,1995,71.48297013074503
387,Yemen,1995,4.905497097248626
388,Zambia,1995,67.50809442193314
389,Zimbabwe,1995,10.932648419151148
390,Afghanistan,2000,15.013068214019432
391,Albania,2000,3.4817037674473967
392,Algeria,2000,37.11916904149228
393,Andorra,2000,0.03538344013970007
394,Angola,2000,127.238622047839
395,Antigua and Barbuda,2000,0.2746076307541036
396,Argentina,2000,159.97676353788657
397,Armenia,2000,1.9550967915951143
398,Australia,2000,174.58513153302167
399,Austria,2000,14.084039670391878
400,Azerbaijan,2000,16.053198337086837
401,Bahamas,2000,0.20836791490835105
402,Bahrain,2000,3.5296477336737904
403,Bangladesh,2000,58.73161980490687
404,Barbados,2000,1.966524095111336
405,Belarus,2000,26.666011700070882
406,Belgium,2000,20.54678819680571
407,Belize,2000,6.604833076279474
408,Benin,2000,9.953986209172147
409,Bhutan,2000,1.3180360506225808
410,Bolivia,2000,34.53975421251878
411,Bosnia and Herzegovina,2000,7.497322532435823
412,Botswana,2000,6.477801816700992
413,Brazil,2000,514.3110137370471
414,Brunei,2000,12.020864093358938
415,Bulgaria,2000,16.507607376649077
416,Burkina Faso,2000,13.147366504626259
417,Burma,2000,139.11933133437614
418,Burundi,2000,9.049850654546907
419,Cambodia,2000,13.78783148141024
420,Cameroon,2000,84.63932903907337
421,Canada,2000,157.85360897247185
422,Cape Verde,2000,0.19269517699044897
423,Central African Republic,2000,85.37968912288923
424,Chad,2000,28.303490847163058
425,Chile,2000,19.416954600103516
426,China,2000,1146.5967775229456
427,Colombia,2000,92.25592822888511
428,Comoros,2000,0.14595334673540877
429,Congo (Brazzaville),2000,7.825662247070277
430,Congo (Kinshasa),2000,174.85651077503863
431,Cook Islands,2000,0.05992474787449721
432,Costa Rica,2000,6.348783786262935
433,Cote d'Ivoire,2000,46.9526235109528
434,Croatia,2000,6.1520058392328245
435,Cuba,2000,19.148655026284757
436,Cyprus,2000,0.8093661358148159
437,Czech Republic,2000,21.189624047608554
438,Denmark,2000,14.393178254352726
439,Djibouti,2000,0.5851202193229555
440,Dominica,2000,0.09178252584337784
441,Dominican Republic,2000,8.403789038007956
442,Ecuador,2000,16.74491705376104
443,Egypt,2000,59.23453567250387
444,El Salvador,2000,4.965266990247757
445,Equatorial Guinea,2000,6.414135198600227
446,Eritrea,2000,5.6496891656744115
447,Estonia,2000,2.9309751169823444
448,Ethiopia,2000,78.61701733142455
449,Fiji,2000,0.8301807304383331
450,Finland,2000,16.67947995528774
451,France,2000,153.88239750411188
452,Gabon,2000,1.3297231119013715
453,Gambia,2000,5.389645131598111
454,Georgia,2000,8.72802167296113
455,Germany,2000,149.65145129042654
456,Ghana,2000,15.330967589624521
457,Greece,2000,23.026006278928193
458,Grenada,2000,1.563730128759332
459,Guatemala,2000,36.83502667539604
460,Guinea,2000,15.298671230840359
461,Guinea-Bissau,2000,1.4864036260046598
462,Guyana,2000,2.185641398620712
463,Haiti,2000,5.142590820840216
464,Holy See,2000,0.0002804195652381143
465,Honduras,2000,8.92066937520937
466,Hungary,2000,18.653159562063635
467,Iceland,2000,1.0014360316774789
468,India,2000,529.8296627598163
469,Indonesia,2000,311.52604571358916
470,Iran,2000,105.24371372300482
471,Iraq,2000,109.8556368909855
472,Ireland,2000,23.277057028179232
473,Israel,2000,13.3937009234219
474,Italy,2000,91.87347373031304
475,Jamaica,2000,3.180147824288665
476,Japan,2000,103.7245601264044
477,Jordan,2000,3.395201853101829
478,Kazakhstan,2000,46.35147844877099
479,Kenya,2000,26.780253169594218
480,Kiribati,2000,0.015290207589062313
481,Kuwait,2000,86.83510134098005
482,Kyrgyzstan,2000,3.133001595753741
483,Laos,2000,12.821075018710493
484,Latvia,2000,3.5376178521139185
485,Lebanon,2000,2.9771218985232792
486,Lesotho,2000,2.276944916048331
487,Liberia,2000,0.8586528262635318
488,Libya,2000,59.764672225859556
489,Liechtenstein,2000,0.027249750252145467
490,Lithuania,2000,7.694091213912246
491,Luxembourg,2000,1.0244941801784306
492,Macedonia,2000,2.974099467013149
493,Madagascar,2000,33.99633951152963
494,Malawi,2000,10.872072341399296
495,Malaysia,2000,71.44542185229133
496,Maldives,2000,0.062294623264336976
497,Mali,2000,17.49567291595391
498,Malta,2000,0.3416630370271099
499,Marshall Islands,2000,0.02677478449897703
500,Mauritania,2000,6.585032540144391
501,Mauritius,2000,1.53850518363699
502,Mexico,2000,172.28220946608562
503,Micronesia (Federated States of),2000,0.03333871242787742
504,Moldova,2000,4.786145341265234
505,Monaco,2000,0.025110468675085658
506,Mongolia,2000,12.573279948430658
507,Montenegro,2000,2.4183826141117204
508,Morocco,2000,26.653906534667087
509,Mozambique,2000,22.514480094106364
510,Namibia,2000,11.48788489129127
511,Nauru,2000,0.008581996803830618
512,Nepal,2000,29.348411152078818
513,Netherlands,2000,41.78447103661935
514,New Zealand,2000,37.41368846350678
515,Nicaragua,2000,8.811752146683922
516,Niger,2000,12.809281700420062
517,Nigeria,2000,193.16773003957113
518,Niue,2000,0.030949612756890798
519,North Korea,2000,23.17684539063676
520,Norway,2000,12.520317819575757
521,Oman,2000,40.746413372837495
522,Pakistan,2000,113.35221821692097
523,Palau,2000,0.07701036627234388
524,Panama,2000,4.799943433560932
525,Papua New Guinea,2000,8.640444889375901
526,Paraguay,2000,31.160786303418142
527,Peru,2000,34.094658968776116
528,Philippines,2000,53.0805066797919
529,Poland,2000,69.28354647646127
530,Portugal,2000,18.347977364946146
531,Qatar,2000,2.7615406828267246
532,Romania,2000,48.348127769756246
533,Russia,2000,632.523150591055
534,Rwanda,2000,3.096881071024394
535,Saint Kitts and Nevis,2000,0.09499991779254427
536,Saint Lucia,2000,0.6837655526246544
537,Saint Vincent and the Grenadines,2000,0.07161501634846566
538,Samoa,2000,0.21076901733081033
539,San Marino,2000,0.0241477051481503
540,Sao Tome and Principe,2000,0.06322433101467814
541,Saudi Arabia,2000,40.25910383250222
542,Senegal,2000,13.184900829858199
543,Serbia,2000,15.817146517418037
544,Seychelles,2000,0.06657789114689737
545,Sierra Leone,2000,3.3390874317545296
546,Singapore,2000,3.85592319326705
547,Slovakia,2000,8.112324747365317
548,Slovenia,2000,3.7356242674649365
549,Solomon Islands,2000,0.2671199131597708
550,Somalia,2000,22.170864958814313
551,South Africa,2000,71.34750988911772
552,South Korea,2000,56.15073119864408
553,Spain,2000,75.9614100752969
554,Sri Lanka,2000,24.591864171748007
555,Sudan,2000,117.71337897174564
556,Suriname,2000,1.959386582289018
557,Swaziland,2000,1.5845974671423735
558,Sweden,2000,14.898216146916084
559,Switzerland,2000,7.645698477165038
560,Syria,2000,33.088187104582914
561,Tajikistan,2000,4.997291273867826
562,Tanzania,2000,55.95996472269119
563,Thailand,2000,76.64091970512202
564,Timor-Leste,2000,0.8951441483262612
565,Togo,2000,6.283203310715851
566,Tonga,2000,0.19348599680767817
567,Trinidad and Tobago,2000,0.9664524501987843
568,Tunisia,2000,7.361019663071658
569,Turkey,2000,86.50090182718793
570,Turkmenistan,2000,26.456009858155404
571,Tuvalu,2000,0.007537568851012225
572,Uganda,2000,17.649173999988747
573,Ukraine,2000,104.34275111549475
574,United Arab Emirates,2000,26.03913625080965
575,United Kingdom,2000,118.66222976576954
576,United States,2000,1110.2627489753672
577,Uruguay,2000,24.219541555325687
578,Uzbekistan,2000,92.70022953779656
579,Vanuatu,2000,0.4102271093507044
580,Venezuela,2000,85.79800523403716
581,Vietnam,2000,88.71577539695262
582,Yemen,2000,5.908501062466592
583,Zambia,2000,52.2978910173059
584,Zimbabwe,2000,11.513479169840785
585,Afghanistan,2005,16.40005757896864
586,Albania,2005,2.889131488730103
587,Algeria,2005,42.75256919722092
588,Andorra,2005,0.04228968610257384
589,Angola,2005,154.21418971417592
590,Antigua and Barbuda,2005,0.39534404535558576
591,Argentina,2005,171.44235322531398
592,Armenia,2005,2.395071436608243
593,Australia,2005,156.19346019566888
594,Austria,2005,12.827994981608892
595,Azerbaijan,2005,20.851546563735774
596,Bahamas,2005,0.23813561788987353
597,Bahrain,2005,3.9117044974784125
598,Bangladesh,2005,63.71418318239643
599,Barbados,2005,1.9905729634518192
600,Belarus,2005,28.37280336480003
601,Belgium,2005,17.72118680902219
602,Belize,2005,7.484606213770892
603,Benin,2005,11.214265151297665
604,Bhutan,2005,0.9358820319292347
605,Bolivia,2005,45.28611931331136
606,Bosnia and Herzegovina,2005,6.860642326658028
607,Botswana,2005,6.293967718016259
608,Brazil,2005,715.2465360190716
609,Brunei,2005,13.058555668181677
610,Bulgaria,2005,15.360338693088366
611,Burkina Faso,2005,15.868410204720512
612,Burma,2005,144.13931487650657
613,Burundi,2005,26.553629471183072
614,Cambodia,2005,20.99121651747473
615,Cameroon,2005,80.95211934901575
616,Canada,2005,167.9797588740955
617,Cape Verde,2005,0.29225355006500486
618,Central African Republic,2005,86.06972840019542
619,Chad,2005,36.69252140579427
620,Chile,2005,21.038734476350044
621,China,2005,1401.7605480310267
622,Colombia,2005,96.69518338707817
623,Comoros,2005,0.14225626432257582
624,Congo (Brazzaville),2005,8.17385799462807
625,Congo (Kinshasa),2005,166.06398659824254
626,Cook Islands,2005,0.04913637740010471
627,Costa Rica,2005,6.7348578801180015
628,Cote d'Ivoire,2005,49.264257496834944
629,Croatia,2005,6.938893281728063
630,Cuba,2005,23.048471553072034
631,Cyprus,2005,0.9298019220413388
632,Czech Republic,2005,20.765912791665723
633,Denmark,2005,13.00528685726515
634,Djibouti,2005,0.5968676215119582
635,Dominica,2005,0.0879629724384233
636,Dominican Republic,2005,9.977043382003421
637,Ecuador,2005,17.709023872976836
638,Egypt,2005,65.08160478468089
639,El Salvador,2005,5.632297605338292
640,Equatorial Guinea,2005,14.632572035056743
641,Eritrea,2005,5.24739231189809
642,Estonia,2005,2.9300410104520265
643,Ethiopia,2005,95.39785356401863
644,Fiji,2005,0.8454004631322758
645,Finland,2005,14.055156237441796
646,France,2005,144.20397419211417
647,Gabon,2005,1.9551479901255635
648,Gambia,2005,6.230826923414828
649,Georgia,2005,8.432736052258672
650,Germany,2005,136.7824535487723
651,Ghana,2005,16.213889573506485
652,Greece,2005,20.097806400113342
653,Grenada,2005,1.6108774850717222
654,Guatemala,2005,22.335284828096896
655,Guinea,2005,17.145372227743188
656,Guinea-Bissau,2005,1.6998828605145755
657,Guyana,2005,2.2250234722225373
658,Haiti,2005,5.348111505242465
659,Holy See,2005,0.0002988262263367905
660,Honduras,2005,10.583058431585114
661,Hungary,2005,19.039183265882567
662,Iceland,2005,0.8860616688482484
663,India,2005,578.7315649443287
664,Indonesia,2005,362.8427315822591
665,Iran,2005,127.88125291982155
666,Iraq,2005,84.12391587259009
667,Ireland,2005,21.505226953673134
668,Israel,2005,13.55205420474521
669,Italy,2005,87.90057851515483
670,Jamaica,2005,3.604709144609594
671,Japan,2005,94.76308551031183
672,Jordan,2005,3.949655807104514
673,Kazakhstan,2005,54.24579870977072
674,Kenya,2005,30.774819976967056
675,Kiribati,2005,0.0173429698103838
676,Kuwait,2005,106.13975818043257
677,Kyrgyzstan,2005,3.2267525202463583
678,Laos,2005,19.095825337382106
679,Latvia,2005,3.9865428686173576
680,Lebanon,2005,3.0831748820375378
681,Lesotho,2005,2.035940669695503
682,Liberia,2005,0.8766466283836202
683,Libya,2005,71.00600039069444
684,Liechtenstein,2005,0.030853284247017308
685,Lithuania,2005,9.356860054430355
686,Luxembourg,2005,1.0304286566164236
687,Macedonia,2005,3.180986138986581
688,Madagascar,2005,44.122471256631066
689,Malawi,2005,13.421271275404758
690,Malaysia,2005,81.3938542264848
691,Maldives,2005,0.07083127082875205
692,Mali,2005,21.03633277001077
693,Malta,2005,0.42814750329117995
694,Marshall Islands,2005,0.029700815717011102
695,Mauritania,2005,7.3510401036318225
696,Mauritius,2005,1.6381037920252914
697,Mexico,2005,223.97506336957855
698,Micronesia (Federated States of),2005,0.03431603938735503
699,Moldova,2005,4.575628546306481
700,Monaco,2005,0.031748444272251666
701,Mongolia,2005,10.939131959047891
702,Montenegro,2005,1.715082255802374
703,Morocco,2005,35.399755425425994
704,Mozambique,2005,22.87315912481434
705,Namibia,2005,13.813574396752506
706,Nauru,2005,0.008988736572868201
707,Nepal,2005,30.648312459631455
708,Netherlands,2005,34.54198554551821
709,New Zealand,2005,39.241926895440535
710,Nicaragua,2005,12.196206936034294
711,Niger,2005,15.153554521639093
712,Nigeria,2005,217.83372120620018
713,Niue,2005,0.037705632347108525
714,North Korea,2005,25.930968837808994
715,Norway,2005,11.285619436965488
716,Oman,2005,36.95065315405025
717,Pakistan,2005,131.5894453365268
718,Palau,2005,0.07821082738297787
719,Panama,2005,5.409333678209106
720,Papua New Guinea,2005,7.230977825720497
721,Paraguay,2005,32.793973448390375
722,Peru,2005,31.779973880076234
723,Philippines,2005,57.36573981975812
724,Poland,2005,68.94271999487367
725,Portugal,2005,19.546649962751655
726,Qatar,2005,3.535613586719039
727,Romania,2005,49.73681436374836
728,Russia,2005,640.8369277692163
729,Rwanda,2005,3.685308760883034
730,Saint Kitts and Nevis,2005,0.09759134372634849
731,Saint Lucia,2005,0.6916033031888158
732,Saint Vincent and the Grenadines,2005,0.06898736852585328
733,Samoa,2005,0.23028263401190205
734,San Marino,2005,0.02603297567190222
735,Sao Tome and Principe,2005,0.06647167438203236
736,Saudi Arabia,2005,46.247072805907536
737,Senegal,2005,14.10748545400364
738,Serbia,2005,14.084977128320002
739,Seychelles,2005,0.0643448031290348
740,Sierra Leone,2005,3.875355375410319
741,Singapore,2005,4.773862689731976
742,Slovakia,2005,8.732625038692655
743,Slovenia,2005,3.7663090002546498
744,Solomon Islands,2005,0.30560435447755463
745,Somalia,2005,23.84007571788723
746,South Africa,2005,74.72138548702272
747,South Korea,2005,66.69663699446399
748,Spain,2005,68.68017180984145
749,Sri Lanka,2005,25.693121333467058
750,Sudan,2005,140.4856516175048
751,Suriname,2005,1.9153380842012298
752,Swaziland,2005,1.6809141024338854
753,Sweden,2005,14.418421298111097
754,Switzerland,2005,7.672067308845444
755,Syria,2005,32.77785185555268
756,Tajikistan,2005,6.330037248765244
757,Tanzania,2005,64.24773727819398
758,Thailand,2005,82.80143436054388
759,Timor-Leste,2005,1.317190614325347
760,Togo,2005,6.255274003876454
761,Tonga,2005,0.20683389140751848
762,Trinidad and Tobago,2005,1.0746834236285068
763,Tunisia,2005,7.7739057663291495
764,Turkey,2005,82.24503829420382
765,Turkmenistan,2005,40.56823164954446
766,Tuvalu,2005,0.007922585025992895
767,Uganda,2005,23.214940703781934
768,Ukraine,2005,104.34104533387446
769,United Arab Emirates,2005,30.373541465412526
770,United Kingdom,2005,96.8621584037875
771,United States,2005,1080.3423775539568
772,Uruguay,2005,24.37291672502399
773,Uzbekistan,2005,99.72062911641811
774,Vanuatu,2005,0.45131795030674665
775,Venezuela,2005,85.3685438187607
776,Vietnam,2005,101.7455019910817
777,Yemen,2005,7.004310124210633
778,Zambia,2005,62.0944086205374
779,Zimbabwe,2005,10.890802416425812
780,Afghanistan,2010,18.31253829654666
781,Albania,2010,2.766237540370965
782,Algeria,2010,47.71084194232398
783,Andorra,2010,0.05143576499565828
784,Angola,2010,193.2522436032144
785,Antigua and Barbuda,2010,0.5375810369573503
786,Argentina,2010,179.3093578263741
787,Armenia,2010,2.842882502757829
788,Australia,2010,159.67491560961182
789,Austria,2010,12.875357110337095
790,Azerbaijan,2010,34.075388708139975
791,Bahamas,2010,0.27245645456863254
792,Bahrain,2010,4.2825114674436335
793,Bangladesh,2010,70.78638657769227
794,Barbados,2010,2.045908068751887
795,Belarus,2010,30.250340251126694
796,Belgium,2010,17.50503026766702
797,Belize,2010,8.525615743924947
798,Benin,2010,12.158219378030603
799,Bhutan,2010,0.935638469529277
800,Bolivia,2010,46.567800278883986
801,Bosnia and Herzegovina,2010,6.695452033060646
802,Botswana,2010,6.687328148098554
803,Brazil,2010,682.2133050957917
804,Brunei,2010,12.900258197681984
805,Bulgaria,2010,15.324392015364412
806,Burkina Faso,2010,18.653224819231372
807,Burma,2010,151.6557845150458
808,Burundi,2010,36.855085521706584
809,Cambodia,2010,21.907601593446937
810,Cameroon,2010,81.5248025587677
811,Canada,2010,173.78825085939243
812,Cape Verde,2010,0.36815560362365235
813,Central African Republic,2010,89.23928342699733
814,Chad,2010,37.62119719937647
815,Chile,2010,22.387383822143548
816,China,2010,1489.8578584398651
817,Colombia,2010,102.8791901825256
818,Comoros,2010,0.1389250428647302
819,Congo (Brazzaville),2010,8.262133895957762
820,Congo (Kinshasa),2010,168.12492881822106
821,Cook Islands,2010,0.045661703469101006
822,Costa Rica,2010,8.049017390967865
823,Cote d'Ivoire,2010,50.408466617229536
824,Croatia,2010,7.147594085318267
825,Cuba,2010,25.279022880680007
826,Cyprus,2010,0.9843155335570071
827,Czech Republic,2010,20.212884946548936
828,Denmark,2010,10.796592678394186
829,Djibouti,2010,0.6302163952418807
830,Dominica,2010,0.08960328395312342
831,Dominican Republic,2010,11.727110035460289
832,Ecuador,2010,18.091626221858753
833,Egypt,2010,73.21193638583497
834,El Salvador,2010,6.337854761809165
835,Equatorial Guinea,2010,15.01167117301741
836,Eritrea,2010,5.190907612706564
837,Estonia,2010,2.9167229694203707
838,Ethiopia,2010,116.24424237100236
839,Fiji,2010,0.9033189135769987
840,Finland,2010,13.91405132932117
841,France,2010,147.41042534322762
842,Gabon,2010,2.025971767480226
843,Gambia,2010,6.926296267215909
844,Georgia,2010,7.609523200269376
845,Germany,2010,118.45199477784311
846,Ghana,2010,17.01837553999747
847,Greece,2010,17.45571163757762
848,Grenada,2010,1.6620032914700635
849,Guatemala,2010,23.676869662786743
850,Guinea,2010,18.393535199670193
851,Guinea-Bissau,2010,1.8760047799240267
852,Guyana,2010,2.2320150538237074
853,Haiti,2010,5.618221862770749
854,Holy See,2010,0.00030864026990459493
855,Honduras,2010,11.401206483256257
856,Hungary,2010,16.64500954784916
857,Iceland,2010,0.9797920799471187
858,India,2010,615.322369154627
859,Indonesia,2010,383.7160604690807
860,Iran,2010,134.9708214724085
861,Iraq,2010,108.14345268490842
862,Ireland,2010,20.95890438599282
863,Israel,2010,16.3250327071654
864,Italy,2010,79.71546706390309
865,Jamaica,2010,3.703917183909174
866,Japan,2010,93.4128449620637
867,Jordan,2010,5.056516216382558
868,Kazakhstan,2010,63.800322801824116
869,Kenya,2010,34.1365544197917
870,Kiribati,2010,0.01860242075305457
871,Kuwait,2010,109.01204634109736
872,Kyrgyzstan,2010,3.4965239427137416
873,Laos,2010,19.947743198393763
874,Latvia,2010,4.255699817406296
875,Lebanon,2010,3.4731302364767687
876,Lesotho,2010,2.184567601277771
877,Liberia,2010,1.0891686367638447
878,Libya,2010,81.03654890993036
879,Liechtenstein,2010,0.03288555514134208
880,Lithuania,2010,7.835231886097952
881,Luxembourg,2010,1.0462111916576957
882,Macedonia,2010,3.723667517960919
883,Madagascar,2010,46.44026138175126
884,Malawi,2010,16.374993163829046
885,Malaysia,2010,87.28307266578437
886,Maldives,2010,0.08406551649166683
887,Mali,2010,25.108404006700404
888,Malta,2010,0.5419946569287174
889,Marshall Islands,2010,0.03363195421715046
890,Mauritania,2010,7.181413649182449
891,Mauritius,2010,1.841929583013116
892,Mexico,2010,238.84686590784216
893,Micronesia (Federated States of),2010,0.036138056529167815
894,Moldova,2010,4.391410936410926
895,Monaco,2010,0.03337715088441246
896,Mongolia,2010,15.500552554445436
897,Montenegro,2010,1.0225591697242342
898,Morocco,2010,37.864283509625686
899,Mozambique,2010,23.61604478256847
900,Namibia,2010,12.395068442683534
901,Nauru,2010,0.00991198185514717
902,Nepal,2010,33.17070384395033
903,Netherlands,2010,29.62040389409955
904,New Zealand,2010,39.32594939453408
905,Nicaragua,2010,12.98108423563506
906,Niger,2010,18.089012664074293
907,Nigeria,2010,236.25087303257638
908,Niue,2010,0.04651050831151154
909,North Korea,2010,27.51237781539183
910,Norway,2010,9.799434104436072
911,Oman,2010,37.66226195486413
912,Pakistan,2010,154.5094481779493
913,Palau,2010,0.07942012090738684
914,Panama,2010,5.857376377370121
915,Papua New Guinea,2010,7.666507886371518
916,Paraguay,2010,35.62678824980977
917,Peru,2010,33.8126339416601
918,Philippines,2010,62.7271197899729
919,Poland,2010,64.6442965248892
920,Portugal,2010,19.217702712837006
921,Qatar,2010,4.542930713749883
922,Romania,2010,49.72177049885367
923,Russia,2010,658.6765253676637
924,Rwanda,2010,4.041290268932979
925,Saint Kitts and Nevis,2010,0.10831507100989417
926,Saint Lucia,2010,0.7111158791655351
927,Saint Vincent and the Grenadines,2010,0.06958862332434924
928,Samoa,2010,0.23485061367544105
929,San Marino,2010,0.029060776373748085
930,Sao Tome and Principe,2010,0.07284161455945504
931,Saudi Arabia,2010,50.26958309013368
932,Senegal,2010,15.372496706879575
933,Serbia,2010,12.912699521759762
934,Seychelles,2010,0.06738104730934043
935,Sierra Leone,2010,4.3412146843419865
936,Singapore,2010,5.770412949670316
937,Slovakia,2010,6.762064435464957
938,Slovenia,2010,3.7481973851143695
939,Solomon Islands,2010,0.34150856261291396
940,Somalia,2010,22.98627221631396
941,South Africa,2010,81.21332283450053
942,South Korea,2010,73.68562025114979
943,Spain,2010,70.65444125306347
944,Sri Lanka,2010,27.253650403264317
945,Sudan,2010,150.14958444127123
946,Suriname,2010,1.9862350450942017
947,Swaziland,2010,1.7667750959689394
948,Sweden,2010,13.354808478781564
949,Switzerland,2010,8.117995468024283
950,Syria,2010,34.3990651080484
951,Tajikistan,2010,7.809929753227935
952,Tanzania,2010,66.26579161639901
953,Thailand,2010,91.94642754136838
954,Timor-Leste,2010,1.3431869712639954
955,Togo,2010,6.706851208493608
956,Tonga,2010,0.21795190598307226
957,Trinidad and Tobago,2010,1.2706416255024262
958,Tunisia,2010,8.657930007984893
959,Turkey,2010,85.14736893747137
960,Turkmenistan,2010,43.86538121470687
961,Tuvalu,2010,0.00830479703944208
962,Uganda,2010,24.11385349401574
963,Ukraine,2010,104.5482215027763
964,United Arab Emirates,2010,34.44135529753537
965,United Kingdom,2010,94.78009141016905
966,United States,2010,1196.6623511542907
967,Uruguay,2010,26.2016890361306
968,Uzbekistan,2010,110.51594854420583
969,Vanuatu,2010,0.49348327964369343
970,Venezuela,2010,84.0890429482772
971,Vietnam,2010,108.13555727005972
972,Yemen,2010,7.968617280296521
973,Zambia,2010,65.45677232589034
974,Zimbabwe,2010,11.22391475834975
975,Afghanistan,2015,20.37397770476755
976,Albania,2015,2.79549855358261
977,Algeria,2015,57.50761184866538
978,Andorra,2015,0.05809262210863709
979,Angola,2015,201.46065657932132
980,Antigua and Barbuda,2015,0.6803418278279872
981,Argentina,2015,191.83298959934308
982,Armenia,2015,3.0553086658629005
983,Australia,2015,169.81759616236377
984,Austria,2015,13.506267727518502
985,Azerbaijan,2015,41.600911725321346
986,Bahamas,2015,0.3067326712456911
987,Bahrain,2015,4.691113760156468
988,Bangladesh,2015,78.02667343444068
989,Barbados,2015,2.094046274395466
990,Belarus,2015,30.116521070810663
991,Belgium,2015,18.47636773408565
992,Belize,2015,9.40977880235117
993,Benin,2015,12.873052287849386
994,Bhutan,2015,1.018374278564745
995,Bolivia,2015,47.761172267305426
996,Bosnia and Herzegovina,2015,6.7924764762453576
997,Botswana,2015,7.085274353809659
998,Brazil,2015,710.8731373816006
999,Brunei,2015,13.904919723267039
1000,Bulgaria,2015,15.532393148822498
1001,Burkina Faso,2015,20.7432966146209
1002,Burma,2015,156.83262858262992
1003,Burundi,2015,39.935379890419036
1004,Cambodia,2015,23.110074563014727
1005,Cameroon,2015,82.59879033034895
1006,Canada,2015,191.67423892188324
1007,Cape Verde,2015,0.3863077508820288
1008,Central African Republic,2015,91.59452600441199
1009,Chad,2015,39.85358744521178
1010,Chile,2015,23.93430549751455
1011,China,2015,1628.7372251644367
1012,Colombia,2015,110.38987868028669
1013,Comoros,2015,0.14202745299971972
1014,Congo (Brazzaville),2015,8.397348171539004
1015,Congo (Kinshasa),2015,170.14862825125243
1016,Cook Islands,2015,0.04324808030129894
1017,Costa Rica,2015,8.630938382334364
1018,Cote d'Ivoire,2015,53.169381177645846
1019,Croatia,2015,7.458169049130905
1020,Cuba,2015,27.83575158224945
1021,Cyprus,2015,1.0716911288771507
1022,Czech Republic,2015,20.629081526994
1023,Denmark,2015,11.17753615382802
1024,Djibouti,2015,0.723770941843519
1025,Dominica,2015,0.0916978555840964
1026,Dominican Republic,2015,12.764148246349283
1027,Ecuador,2015,19.252207171590157
1028,Egypt,2015,81.13537809712807
1029,El Salvador,2015,6.867383815157567
1030,Equatorial Guinea,2015,15.685570077052496
1031,Eritrea,2015,5.667354830068867
1032,Estonia,2015,2.8393162420033153
1033,Ethiopia,2015,128.7898655653984
1034,Fiji,2015,0.9534381406748771
1035,Finland,2015,14.649002863056106
1036,France,2015,156.52891798199772
1037,Gabon,2015,2.125729924490809
1038,Gambia,2015,7.707222371703417
1039,Georgia,2015,7.945543507802124
1040,Germany,2015,110.9612537655573
1041,Ghana,2015,17.965513876951448
1042,Greece,2015,16.744559410398367
1043,Grenada,2015,1.708086656385344
1044,Guatemala,2015,25.05471993536128
1045,Guinea,2015,19.134005135313114
1046,Guinea-Bissau,2015,2.009548353176579
1047,Guyana,2015,2.3028767912470993
1048,Haiti,2015,6.067085084080304
1049,Holy See,2015,0.00033496058798472035
1050,Honduras,2015,12.32909269115133
1051,Hungary,2015,17.275609296031
1052,Iceland,2015,1.0711200433750077
1053,India,2015,664.942571716685
1054,Indonesia,2015,402.12341756378356
1055,Iran,2015,141.8293479796351
1056,Iraq,2015,124.87733299501703
1057,Ireland,2015,22.194151275106822
1058,Israel,2015,20.446270679655317
1059,Italy,2015,84.56008010153225
1060,Jamaica,2015,3.869006008229353
1061,Japan,2015,105.3884952595201
1062,Jordan,2015,5.61173841009403
1063,Kazakhstan,2015,68.8978731982843
1064,Kenya,2015,36.56137675514704
1065,Kiribati,2015,0.019908328955743033
1066,Kuwait,2015,111.10402365077036
1067,Kyrgyzstan,2015,3.7679093526208156
1068,Laos,2015,20.707114135069045
1069,Latvia,2015,4.5223801616084565
1070,Lebanon,2015,3.8611684854437764
1071,Lesotho,2015,2.339214067186302
1072,Liberia,2015,1.2461275608888938
1073,Libya,2015,74.83979338034167
1074,Liechtenstein,2015,0.034885076188369696
1075,Lithuania,2015,8.085136804220191
1076,Luxembourg,2015,1.102126586168513
1077,Macedonia,2015,4.3069449105738835
1078,Madagascar,2015,49.330113946209664
1079,Malawi,2015,18.35359671449332
1080,Malaysia,2015,96.09131524044766
1081,Maldives,2015,0.08905787355711091
1082,Mali,2015,28.495825996878526
1083,Malta,2015,0.6364915949698791
1084,Marshall Islands,2015,0.037953761368550026
1085,Mauritania,2015,7.7090923604481345
1086,Mauritius,2015,1.9991522858917348
1087,Mexico,2015,249.5632968278275
1088,Micronesia (Federated States of),2015,0.03791534814262205
1089,Moldova,2015,4.5487889439272955
1090,Monaco,2015,0.0386670415494312
1091,Mongolia,2015,18.92774148993981
1092,Montenegro,2015,1.1063398216469906
1093,Morocco,2015,39.995863458774224
1094,Mozambique,2015,24.251601720113147
1095,Namibia,2015,13.228828172666415
1096,Nauru,2015,0.010373540322377962
1097,Nepal,2015,36.923589683836035
1098,Netherlands,2015,30.91586428163331
1099,New Zealand,2015,41.39893040269537
1100,Nicaragua,2015,13.9613564499619
1101,Niger,2015,20.43342792331888
1102,Nigeria,2015,257.91605202365486
1103,Niue,2015,0.10294016022846185
1104,North Korea,2015,30.657343194371986
1105,Norway,2015,10.312667177610573
1106,Oman,2015,41.468470709831664
1107,Pakistan,2015,169.54903167743598
1108,Palau,2015,0.27518074442521756
1109,Panama,2015,6.406282901585182
1110,Papua New Guinea,2015,8.067065442959224
1111,Paraguay,2015,38.344636194520746
1112,Peru,2015,36.204290199572846
1113,Philippines,2015,68.31737712620264
1114,Poland,2015,67.91580553298851
1115,Portugal,2015,19.728762015172787
1116,Qatar,2015,5.6838559673657745
1117,Romania,2015,50.265538464810476
1118,Russia,2015,676.1002984154668
1119,Rwanda,2015,4.443769819544919
1120,Saint Kitts and Nevis,2015,0.11548362993102326
1121,Saint Lucia,2015,0.7284209461494744
1122,Saint Vincent and the Grenadines,2015,0.07034041327978559
1123,Samoa,2015,0.23869027734819895
1124,San Marino,2015,0.03175963166239466
1125,Sao Tome and Principe,2015,0.07785379645086472
1126,Saudi Arabia,2015,56.38463928811075
1127,Senegal,2015,16.637176056319916
1128,Serbia,2015,13.206659937115644
1129,Seychelles,2015,0.07080631395270968
1130,Sierra Leone,2015,4.764599324592633
1131,Singapore,2015,7.499071334510198
1132,Slovakia,2015,6.828730564395674
1133,Slovenia,2015,3.982633850524776
1134,Solomon Islands,2015,0.3786844511309388
1135,Somalia,2015,23.88735781849892
1136,South Africa,2015,87.939356293004
1137,South Korea,2015,85.42638042209944
1138,Spain,2015,74.1380279587371
1139,Sri Lanka,2015,29.363896310547116
1140,Sudan,2015,158.1669788169502
1141,Suriname,2015,2.0135083070961652
1142,Swaziland,2015,1.8919308946320357
1143,Sweden,2015,13.27861296020678
1144,Switzerland,2015,8.515500797591214
1145,Syria,2015,38.493864912787565
1146,Tajikistan,2015,8.33552752274763
1147,Tanzania,2015,68.98276705267888
1148,Thailand,2015,98.15302561982713
1149,Timor-Leste,2015,1.4286698850152246
1150,Togo,2015,7.170931304453547
1151,Tonga,2015,0.22673147949829184
1152,Trinidad and Tobago,2015,1.4780255590043838
1153,Tunisia,2015,9.6456076609946
1154,Turkey,2015,90.99908536761414
1155,Turkmenistan,2015,49.5701185193907
1156,Tuvalu,2015,0.00870289382025212
1157,Uganda,2015,25.337155088441413
1158,Ukraine,2015,105.88059302290428
1159,United Arab Emirates,2015,37.52783883137069
1160,United Kingdom,2015,98.86217937865048
1161,United States,2015,1298.5646938657992
1162,Uruguay,2015,28.930758539168707
1163,Uzbekistan,2015,122.93120123559277
1164,Vanuatu,2015,0.5063960848008162
1165,Venezuela,2015,89.72073642414459
1166,Vietnam,2015,115.11864021857208
1167,Yemen,2015,9.078155817462983
1168,Zambia,2015,67.78473756114953
1169,Zimbabwe,2015,12.050680731394026
1170,Afghanistan,2020,22.656848306760246
1171,Albania,2020,2.838887790878154
1172,Algeria,2020,63.0642973528116
1173,Andorra,2020,0.06377801565021798
1174,Angola,2020,198.52984089380817
1175,Antigua and Barbuda,2020,0.8742030416724111
1176,Argentina,2020,202.4324354259781
1177,Armenia,2020,3.2650138576361205
1178,Australia,2020,178.07092165892422
1179,Austria,2020,13.95679079780751
1180,Azerbaijan,2020,44.45777137114914
1181,Bahamas,2020,0.34709395916605595
1182,Bahrain,2020,5.057178525247806
1183,Bangladesh,2020,86.70902221367056
1184,Barbados,2020,2.15042166067116
1185,Belarus,2020,30.13783069895969
1186,Belgium,2020,19.31472462384331
1187,Belize,2020,10.289285941460086
1188,Benin,2020,13.560156559913812
1189,Bhutan,2020,1.1087331540507928
1190,Bolivia,2020,48.85085916034443
1191,Bosnia and Herzegovina,2020,6.802975813261277
1192,Botswana,2020,7.353275041855265
1193,Brazil,2020,727.2304579339652
1194,Brunei,2020,14.474108376400903
1195,Bulgaria,2020,15.656999628357498
1196,Burkina Faso,2020,22.626835629191508
1197,Burma,2020,162.588971642312
1198,Burundi,2020,42.73938261537464
1199,Cambodia,2020,24.130298410326976
1200,Cameroon,2020,83.5913103407044
1201,Canada,2020,204.564545501056
1202,Cape Verde,2020,0.40550047902146685
1203,Central African Republic,2020,94.14727405833952
1204,Chad,2020,41.3379063338195
1205,Chile,2020,25.54641665564932
1206,China,2020,1876.9452446064413
1207,Colombia,2020,116.9714923234857
1208,Comoros,2020,0.14254556250110473
1209,Congo (Brazzaville),2020,8.54235067402207
1210,Congo (Kinshasa),2020,172.34749158893214
1211,Cook Islands,2020,0.04246081151262178
1212,Costa Rica,2020,9.201709555707755
1213,Cote d'Ivoire,2020,56.158468785507964
1214,Croatia,2020,7.718033652766648
1215,Cuba,2020,30.251484188330984
1216,Cyprus,2020,1.193451524787736
1217,Czech Republic,2020,21.070882190935745
1218,Denmark,2020,11.324387097731012
1219,Djibouti,2020,0.8307887443768822
1220,Dominica,2020,0.0942787379171062
1221,Dominican Republic,2020,13.739475708920885
1222,Ecuador,2020,20.231547981007957
1223,Egypt,2020,89.40537157069932
1224,El Salvador,2020,7.409062076999521
1225,Equatorial Guinea,2020,16.375948442555046
1226,Eritrea,2020,6.078641768119232
1227,Estonia,2020,2.8566422897199284
1228,Ethiopia,2020,139.2897012499573
1229,Fiji,2020,1.006000823671807
1230,Finland,2020,15.02004632862931
1231,France,2020,161.18135346841484
1232,Gabon,2020,2.2222000736781427
1233,Gambia,2020,8.480399400317944
1234,Georgia,2020,8.27303318457845
1235,Germany,2020,114.8462097283127
1236,Ghana,2020,18.883987637305683
1237,Greece,2020,16.27623228156955
1238,Grenada,2020,1.7486559811260507
1239,Guatemala,2020,26.399504725889837
1240,Guinea,2020,19.846238855263227
1241,Guinea-Bissau,2020,2.134254571537531
1242,Guyana,2020,2.352933416446488
1243,Haiti,2020,6.511717274642831
1244,Holy See,2020,0.0003640443528448328
1245,Honduras,2020,13.164893971336122
1246,Hungary,2020,17.85495594973082
1247,Iceland,2020,1.1466786992706959
1248,India,2020,748.5853674377616
1249,Indonesia,2020,419.82027738805834
1250,Iran,2020,148.60832253910297
1251,Iraq,2020,175.35903979681126
1252,Ireland,2020,22.341097933470333
1253,Israel,2020,25.070510137010086
1254,Italy,2020,88.9684532946906
1255,Jamaica,2020,4.1102535827333115
1256,Japan,2020,121.95819370722033
1257,Jordan,2020,6.389564036192321
1258,Kazakhstan,2020,71.81065920589734
1259,Kenya,2020,38.86580989464241
1260,Kiribati,2020,0.021890658552461296
1261,Kuwait,2020,109.66694118081074
1262,Kyrgyzstan,2020,4.017647117865875
1263,Laos,2020,21.25186118341069
1264,Latvia,2020,4.8188245365012845
1265,Lebanon,2020,4.255193495524887
1266,Lesotho,2020,2.4810002049660755
1267,Liberia,2020,1.412664227322156
1268,Libya,2020,68.82423380152221
1269,Liechtenstein,2020,0.03743443633855571
1270,Lithuania,2020,8.40182363461831
1271,Luxembourg,2020,1.1421501067211464
1272,Macedonia,2020,4.829156564630088
1273,Madagascar,2020,51.407375177417066
1274,Malawi,2020,20.52960980893502
1275,Malaysia,2020,105.62091321517967
1276,Maldives,2020,0.10536100419669635
1277,Mali,2020,32.05013531809388
1278,Malta,2020,0.7526121961575579
1279,Marshall Islands,2020,0.04282698679390145
1280,Mauritania,2020,8.283586097323065
1281,Mauritius,2020,2.1421914918369627
1282,Mexico,2020,273.7655302384634
1283,Micronesia (Federated States of),2020,0.04173321350762719
1284,Moldova,2020,4.6864179630505856
1285,Monaco,2020,0.04778962573001706
1286,Mongolia,2020,23.53903610800459
1287,Montenegro,2020,1.216476637273422
1288,Morocco,2020,42.68217508153999
1289,Mozambique,2020,24.82478080604497
1290,Namibia,2020,13.79156630687035
1291,Nauru,2020,0.010885043590108851
1292,Nepal,2020,40.7996892981684
1293,Netherlands,2020,31.999856956995853
1294,New Zealand,2020,43.23039244991378
1295,Nicaragua,2020,14.782054234294673
1296,Niger,2020,22.653186212181176
1297,Nigeria,2020,274.64000097978334
1298,Niue,2020,0.2837002937830196
1299,North Korea,2020,34.683026858421194
1300,Norway,2020,10.863790587831112
1301,Oman,2020,37.66537000548177
1302,Pakistan,2020,184.47660508967644
1303,Palau,2020,0.9640671151549071
1304,Panama,2020,6.91946363811818
1305,Papua New Guinea,2020,8.406530638418284
1306,Paraguay,2020,40.639816122048146
1307,Peru,2020,38.49812022484721
1308,Philippines,2020,75.22177928852177
1309,Poland,2020,70.54639793249726
1310,Portugal,2020,20.06537556270856
1311,Qatar,2020,6.438540739088356
1312,Romania,2020,50.633557124109096
1313,Russia,2020,725.5754403040245
1314,Rwanda,2020,4.863537435901698
1315,Saint Kitts and Nevis,2020,0.12353536651838753
1316,Saint Lucia,2020,0.7461101368238575
1317,Saint Vincent and the Grenadines,2020,0.07180587477468206
1318,Samoa,2020,0.24334267585435063
1319,San Marino,2020,0.034636657060769925
1320,Sao Tome and Principe,2020,0.08377574102677642
1321,Saudi Arabia,2020,62.15156150653451
1322,Senegal,2020,17.89494659889827
1323,Serbia,2020,13.447533901203169
1324,Seychelles,2020,0.07440000281782572
1325,Sierra Leone,2020,5.238943262046688
1326,Singapore,2020,10.145288286450958
1327,Slovakia,2020,7.00443702417859
1328,Slovenia,2020,4.203806349032452
1329,Solomon Islands,2020,0.4176822169348024
1330,Somalia,2020,24.94869477321648
1331,South Africa,2020,95.12041620024713
1332,South Korea,2020,102.62752140374296
1333,Spain,2020,76.37673965951673
1334,Sri Lanka,2020,31.583708579206625
1335,Sudan,2020,165.2383054191182
1336,Suriname,2020,2.0510776828556883
1337,Swaziland,2020,1.9849463841784887
1338,Sweden,2020,13.377927821209736
1339,Switzerland,2020,8.842811388458028
1340,Syria,2020,38.292867084978866
1341,Tajikistan,2020,8.899009692566148
1342,Tanzania,2020,70.93596209251406
1343,Thailand,2020,105.82133297416156
1344,Timor-Leste,2020,1.4772355666308818
1345,Togo,2020,7.6740922593043
1346,Tonga,2020,0.23720117845822064
1347,Trinidad and Tobago,2020,1.6109779083149447
1348,Tunisia,2020,10.478607132757519
1349,Turkey,2020,96.9470656761987
1350,Turkmenistan,2020,53.22269335116558
1351,Tuvalu,2020,0.00916924284088997
1352,Uganda,2020,26.5505533308685
1353,Ukraine,2020,107.16631928758409
1354,United Arab Emirates,2020,39.93547805693948
1355,United Kingdom,2020,101.65225662218916
1356,United States,2020,1409.7915035726044
1357,Uruguay,2020,31.32949338305956
1358,Uzbekistan,2020,131.17566880919998
1359,Vanuatu,2020,0.5183052618377841
1360,Venezuela,2020,99.63002780327513
1361,Vietnam,2020,121.11335073980139
1362,Yemen,2020,10.395988643418992
1363,Zambia,2020,70.21033671863422
1364,Zimbabwe,2020,12.876539046582673
1365,Afghanistan,2025,25.368593826741254
1366,Albania,2025,2.911152146475855
1367,Algeria,2025,68.13928105363907
1368,Andorra,2025,0.06878434968048612
1369,Angola,2025,203.01447548314482
1370,Antigua and Barbuda,2025,1.2864252177236974
1371,Argentina,2025,213.19480097056046
1372,Armenia,2025,3.6171833803487274
1373,Australia,2025,188.1233862450475
1374,Austria,2025,14.46036962862985
1375,Azerbaijan,2025,46.46804297409614
1376,Bahamas,2025,0.41843992416569664
1377,Bahrain,2025,5.663788985483578
1378,Bangladesh,2025,97.10203936338928
1379,Barbados,2025,2.2341571998982754
1380,Belarus,2025,30.234626962688832
1381,Belgium,2025,20.365172577793945
1382,Belize,2025,11.167978925098874
1383,Benin,2025,14.322103215114538
1384,Bhutan,2025,1.209556577810369
1385,Bolivia,2025,50.125914101464915
1386,Bosnia and Herzegovina,2025,6.8266353338624395
1387,Botswana,2025,7.62722172142179
1388,Brazil,2025,745.1298435510234
1389,Brunei,2025,14.888988811270252
1390,Bulgaria,2025,16.046624769596587
1391,Burkina Faso,2025,24.75834738527802
1392,Burma,2025,168.8131610774269
1393,Burundi,2025,45.754637196119326
1394,Cambodia,2025,25.45264260842222
1395,Cameroon,2025,84.61281562026149
1396,Canada,2025,220.71670016915095
1397,Cape Verde,2025,0.4294457749144186
1398,Central African Republic,2025,96.99404350441492
1399,Chad,2025,43.043315402533445
1400,Chile,2025,27.664291567609894
1401,China,2025,2224.4954458886154
1402,Colombia,2025,123.02953420505625
1403,Comoros,2025,0.14515416364173842
1404,Congo (Brazzaville),2025,8.706501619430819
1405,Congo (Kinshasa),2025,174.76454022252128
1406,Cook Islands,2025,0.04542674936221333
1407,Costa Rica,2025,10.001014176043313
1408,Cote d'Ivoire,2025,59.42952694777149
1409,Croatia,2025,8.207293107661519
1410,Cuba,2025,33.55587420089225
1411,Cyprus,2025,1.4005137029079482
1412,Czech Republic,2025,21.8835511729645
1413,Denmark,2025,11.882649628263492
1414,Djibouti,2025,0.9762290422265717
1415,Dominica,2025,0.09834374058930503
1416,Dominican Republic,2025,14.997494573612212
1417,Ecuador,2025,21.509585555213423
1418,Egypt,2025,98.8204610794451
1419,El Salvador,2025,8.236442610709402
1420,Equatorial Guinea,2025,17.566645232224683
1421,Eritrea,2025,6.526228393608508
1422,Estonia,2025,2.882624113256426
1423,Ethiopia,2025,150.1574844053354
1424,Fiji,2025,1.1054172833020375
1425,Finland,2025,15.413219562571372
1426,France,2025,166.1724144050939
1427,Gabon,2025,2.3520650752809806
1428,Gambia,2025,9.296239722652139
1429,Georgia,2025,8.913435648573179
1430,Germany,2025,121.87780591891047
1431,Ghana,2025,19.96272712244394
1432,Greece,2025,15.98415212915833
1433,Grenada,2025,1.7829099041919059
1434,Guatemala,2025,28.04199721643536
1435,Guinea,2025,20.654589904048375
1436,Guinea-Bissau,2025,2.288176666437328
1437,Guyana,2025,2.4334623752227724
1438,Haiti,2025,7.2184365770051455
1439,Holy See,2025,0.0003961817068032192
1440,Honduras,2025,14.059164389430135
1441,Hungary,2025,18.75386488574334
1442,Iceland,2025,1.232297970003613
1443,India,2025,814.3670787521094
1444,Indonesia,2025,439.5903319772903
1445,Iran,2025,159.23328302712426
1446,Iraq,2025,192.3204889803389
1447,Ireland,2025,22.61201325363768
1448,Israel,2025,33.81996744863721
1449,Italy,2025,94.12529779499478
1450,Jamaica,2025,4.660802796447698
1451,Japan,2025,144.66668257406013
1452,Jordan,2025,7.468654973811974
1453,Kazakhstan,2025,74.8578149794171
1454,Kenya,2025,41.426419410369924
1455,Kiribati,2025,0.025966689079288098
1456,Kuwait,2025,117.66287773232024
1457,Kyrgyzstan,2025,4.278144541655296
1458,Laos,2025,21.921322746987588
1459,Latvia,2025,5.442825560042883
1460,Lebanon,2025,4.961432396231693
1461,Lesotho,2025,2.638059651985791
1462,Liberia,2025,1.6251150953387523
1463,Libya,2025,70.23877783895972
1464,Liechtenstein,2025,0.04018124504107766
1465,Lithuania,2025,9.071857797147498
1466,Luxembourg,2025,1.1849381468589515
1467,Macedonia,2025,5.823673454305617
1468,Madagascar,2025,53.47166530459959
1469,Malawi,2025,23.15147266175883
1470,Malaysia,2025,119.76285783231937
1471,Maldives,2025,0.14988063274427552
1472,Mali,2025,36.6196285711318
1473,Malta,2025,0.990678759970266
1474,Marshall Islands,2025,0.04989441247950629
1475,Mauritania,2025,8.991717866808338
1476,Mauritius,2025,2.3680520888694474
1477,Mexico,2025,294.1359991000231
1478,Micronesia (Federated States of),2025,0.05139622176658906
1479,Moldova,2025,4.927931816120344
1480,Monaco,2025,0.057705717539810214
1481,Mongolia,2025,29.90448300349134
1482,Montenegro,2025,1.3815782642703045
1483,Morocco,2025,45.82006681788644
1484,Mozambique,2025,25.410596839209596
1485,Namibia,2025,14.335964623427522
1486,Nauru,2025,0.01178113467532745
1487,Nepal,2025,45.43730797232642
1488,Netherlands,2025,33.50096866483901
1489,New Zealand,2025,45.2637373793592
1490,Nicaragua,2025,15.716107212076038
1491,Niger,2025,25.132262912697744
1492,Nigeria,2025,290.9085414643671
1493,Niue,2025,0.7733197231540182
1494,North Korea,2025,41.18555694847388
1495,Norway,2025,11.646066506548177
1496,Oman,2025,39.3857263999876
1497,Pakistan,2025,201.65107197352972
1498,Palau,2025,2.889378531374435
1499,Panama,2025,7.599978665847639
1500,Papua New Guinea,2025,8.734543472343098
1501,Paraguay,2025,43.20559540597069
1502,Peru,2025,41.38100551823525
1503,Philippines,2025,85.81361453595282
1504,Poland,2025,73.19936348910818
1505,Portugal,2025,20.40460282592354
1506,Qatar,2025,7.396522429949407
1507,Romania,2025,51.60060508081495
1508,Russia,2025,769.1878142115231
1509,Rwanda,2025,5.327997100191469
1510,Saint Kitts and Nevis,2025,0.1348896253201762
1511,Saint Lucia,2025,0.7691500835185041
1512,Saint Vincent and the Grenadines,2025,0.07568801870790887
1513,Samoa,2025,0.2527917343352902
1514,San Marino,2025,0.03758368245794877
1515,Sao Tome and Principe,2025,0.09202415967141712
1516,Saudi Arabia,2025,70.79165206017575
1517,Senegal,2025,19.265194542028745
1518,Serbia,2025,13.857206145987478
1519,Seychelles,2025,0.0792622532686379
1520,Sierra Leone,2025,5.851496456899477
1521,Singapore,2025,15.536219248225313
1522,Slovakia,2025,7.397394773704575
1523,Slovenia,2025,4.599793204474609
1524,Solomon Islands,2025,0.4654813346411164
1525,Somalia,2025,26.42675627415898
1526,South Africa,2025,108.94448187309304
1527,South Korea,2025,133.29721163435167
1528,Spain,2025,79.08721209885869
1529,Sri Lanka,2025,34.24677772381958
1530,Sudan,2025,173.5991644558033
1531,Suriname,2025,2.194357337044731
1532,Swaziland,2025,2.0966861655319478
1533,Sweden,2025,13.70197073690308
1534,Switzerland,2025,9.24319049300112
1535,Syria,2025,41.959209392775364
1536,Tajikistan,2025,9.514818233114276
1537,Tanzania,2025,72.91775363997476
1538,Thailand,2025,118.88803581133733
1539,Timor-Leste,2025,1.5323897068980714
1540,Togo,2025,8.250109187252743
1541,Tonga,2025,0.25211567500388965
1542,Trinidad and Tobago,2025,1.800866315454806
1543,Tunisia,2025,11.531589402773294
1544,Turkey,2025,103.78510948593289
1545,Turkmenistan,2025,55.2709614228576
1546,Tuvalu,2025,0.009854117878372686
1547,Uganda,2025,27.852298922776793
1548,Ukraine,2025,108.33719669743374
1549,United Arab Emirates,2025,43.733983222991576
1550,United Kingdom,2025,104.8029637220067
1551,United States,2025,1540.9070198347945
1552,Uruguay,2025,34.212612215494445
1553,Uzbekistan,2025,134.98642329420122
1554,Vanuatu,2025,0.5326173535065206
1555,Venezuela,2025,111.1411316204163
1556,Vietnam,2025,127.76243677078352
1557,Yemen,2025,12.210993306123974
1558,Zambia,2025,72.8474250415303
1559,Zimbabwe,2025,14.201980354808665
1560,Afghanistan,2030,28.213014682777242
1561,Albania,2030,2.9955611944604
1562,Algeria,2030,72.38006480106901
1563,Andorra,2030,0.0733153183875661
1564,Angola,2030,211.10563988659976
1565,Antigua and Barbuda,2030,1.561242297991774
1566,Argentina,2030,223.2213874229945
1567,Armenia,2030,3.880310263080384
1568,Australia,2030,197.50533482392302
1569,Austria,2030,14.735768783143989
1570,Azerbaijan,2030,49.18837560120687
1571,Bahamas,2030,0.4726811384164661
1572,Bahrain,2030,6.181436210269946
1573,Bangladesh,2030,109.21618546194499
1574,Barbados,2030,2.3002922437595315
1575,Belarus,2030,30.18709463414529
1576,Belgium,2030,21.613337650903905
1577,Belize,2030,12.007898348044371
1578,Benin,2030,15.098791272740735
1579,Bhutan,2030,1.3182412769003427
1580,Bolivia,2030,51.36462276947819
1581,Bosnia and Herzegovina,2030,6.853911845233212
1582,Botswana,2030,7.8733793019794565
1583,Brazil,2030,760.1280764393169
1584,Brunei,2030,15.833281023587572
1585,Bulgaria,2030,16.317578542290466
1586,Burkina Faso,2030,27.15752544288986
1587,Burma,2030,175.51777214248978
1588,Burundi,2030,49.59240749955813
1589,Cambodia,2030,26.935722199845284
1590,Cameroon,2030,85.62363024635567
1591,Canada,2030,233.5926417581831
1592,Cape Verde,2030,0.4601555521169231
1593,Central African Republic,2030,100.12879461894897
1594,Chad,2030,44.51111221724839
1595,Chile,2030,29.648277098263105
1596,China,2030,2644.7049663339963
1597,Colombia,2030,129.92702939082292
1598,Comoros,2030,0.14882224043887704
1599,Congo (Brazzaville),2030,8.872542550632655
1600,Congo (Kinshasa),2030,177.29686235039085
1601,Cook Islands,2030,0.048429836398270656
1602,Costa Rica,2030,10.66975209777355
1603,Cote d'Ivoire,2030,62.66758479145215
1604,Croatia,2030,8.541656617082
1605,Cuba,2030,36.693557850654486
1606,Cyprus,2030,1.662060901870349
1607,Czech Republic,2030,22.418603429127426
1608,Denmark,2030,12.069641138448175
1609,Djibouti,2030,1.1282442222819777
1610,Dominica,2030,0.10140455507906276
1611,Dominican Republic,2030,16.171986258323322
1612,Ecuador,2030,22.685678994690544
1613,Egypt,2030,107.38856368379172
1614,El Salvador,2030,8.9114240251313
1615,Equatorial Guinea,2030,18.209754813644487
1616,Eritrea,2030,6.997783505060691
1617,Estonia,2030,2.904606220153782
1618,Ethiopia,2030,161.3225691304203
1619,Fiji,2030,1.1975988192388418
1620,Finland,2030,15.70797146911169
1621,France,2030,169.0554444310091
1622,Gabon,2030,2.4899320164750267
1623,Gambia,2030,10.135678932185362
1624,Georgia,2030,9.388582956534691
1625,Germany,2030,130.63484156662727
1626,Ghana,2030,21.08385154220859
1627,Greece,2030,15.738253668184134
1628,Grenada,2030,1.8032329238497455
1629,Guatemala,2030,29.549708943945376
1630,Guinea,2030,21.601070609913016
1631,Guinea-Bissau,2030,2.451432476270137
1632,Guyana,2030,2.5103710269645427
1633,Haiti,2030,7.90409185247342
1634,Holy See,2030,0.00043169325506439655
1635,Honduras,2030,14.888233870477757
1636,Hungary,2030,19.304565291409094
1637,Iceland,2030,1.308267703231211
1638,India,2030,882.2586325898175
1639,Indonesia,2030,463.1442564892968
1640,Iran,2030,170.355802034337
1641,Iraq,2030,209.31969523729614
1642,Ireland,2030,22.743877616488778
1643,Israel,2030,39.878479228116646
1644,Italy,2030,98.36590450742968
1645,Jamaica,2030,5.065018316295989
1646,Japan,2030,165.48461642132833
1647,Jordan,2030,8.42945934224876
1648,Kazakhstan,2030,79.08809588223932
1649,Kenya,2030,44.06688948090021
1650,Kiribati,2030,0.030133973188568315
1651,Kuwait,2030,128.74016799206356
1652,Kyrgyzstan,2030,4.546315609054725
1653,Laos,2030,22.706132979412054
1654,Latvia,2030,5.897935848219589
1655,Lebanon,2030,5.5965221975819155
1656,Lesotho,2030,2.803521359215103
1657,Liberia,2030,1.8361569840621224
1658,Libya,2030,71.50562136611686
1659,Liechtenstein,2030,0.041818870020332376
1660,Lithuania,2030,9.548818522443193
1661,Luxembourg,2030,1.208524928146529
1662,Macedonia,2030,6.462535997726426
1663,Madagascar,2030,55.470738555801965
1664,Malawi,2030,26.61886975497128
1665,Malaysia,2030,137.27152560135625
1666,Maldives,2030,0.2041741449342719
1667,Mali,2030,42.651327094643136
1668,Malta,2030,1.1226877078985487
1669,Marshall Islands,2030,0.056811183752610406
1670,Mauritania,2030,9.775294849787006
1671,Mauritius,2030,2.5433115143754588
1672,Mexico,2030,312.6223347738472
1673,Micronesia (Federated States of),2030,0.06221732811839351
1674,Moldova,2030,5.054085068563357
1675,Monaco,2030,0.06364014075768587
1676,Mongolia,2030,38.78065601659113
1677,Montenegro,2030,1.5016764525198658
1678,Morocco,2030,49.11318685401685
1679,Mozambique,2030,26.025851946207865
1680,Namibia,2030,14.844185804993714
1681,Nauru,2030,0.012421121773803062
1682,Nepal,2030,50.87345903621286
1683,Netherlands,2030,35.14772983760435
1684,New Zealand,2030,47.34511307430294
1685,Nicaragua,2030,16.59301527757751
1686,Niger,2030,27.94207327167241
1687,Nigeria,2030,306.7965215608713
1688,Niue,2030,1.353807550215553
1689,North Korea,2030,47.88544617223017
1690,Norway,2030,12.721446855580943
1691,Oman,2030,38.48278329137862
1692,Pakistan,2030,220.4952499644296
1693,Palau,2030,5.167116479586514
1694,Panama,2030,8.188740345368242
1695,Papua New Guinea,2030,9.149936666260427
1696,Paraguay,2030,45.59373949484643
1697,Peru,2030,44.09567985273908
1698,Philippines,2030,96.31431330970634
1699,Poland,2030,79.59921539407748
1700,Portugal,2030,20.60999320561613
1701,Qatar,2030,8.384339820686725
1702,Romania,2030,52.62045923818285
1703,Russia,2030,805.0835514426946
1704,Rwanda,2030,5.818662689303889
1705,Saint Kitts and Nevis,2030,0.14408169408109883
1706,Saint Lucia,2030,0.7861226441011518
1707,Saint Vincent and the Grenadines,2030,0.07908940770160178
1708,Samoa,2030,0.26128934326301273
1709,San Marino,2030,0.04056243039048078
1710,Sao Tome and Principe,2030,0.10062016751368705
1711,Saudi Arabia,2030,79.1147433912936
1712,Senegal,2030,20.68796758034146
1713,Serbia,2030,14.177436328912064
1714,Seychelles,2030,0.0834843959276329
1715,Sierra Leone,2030,6.551422087996742
1716,Singapore,2030,22.762326399415354
1717,Slovakia,2030,7.660006841889094
1718,Slovenia,2030,4.857608309970831
1719,Solomon Islands,2030,0.514676788986664
1720,Somalia,2030,27.993784390060114
1721,South Africa,2030,119.0456429734886
1722,South Korea,2030,158.35187138327092
1723,Spain,2030,81.61963225059297
1724,Sri Lanka,2030,37.16851629779633
1725,Sudan,2030,180.9846135380681
1726,Suriname,2030,2.362440495289984
1727,Swaziland,2030,2.19514464537138
1728,Sweden,2030,13.818449706298125
1729,Switzerland,2030,9.520652479991519
1730,Syria,2030,44.299030344115835
1731,Tajikistan,2030,10.169626601933992
1732,Tanzania,2030,74.85511990784558
1733,Thailand,2030,132.28962981419662
1734,Timor-Leste,2030,1.5911512523506848
1735,Togo,2030,8.875243775218733
1736,Tonga,2030,0.26670333556323667
1737,Trinidad and Tobago,2030,1.9596869360974285
1738,Tunisia,2030,12.566624534749879
1739,Turkey,2030,110.08399342680521
1740,Turkmenistan,2030,57.63028920680068
1741,Tuvalu,2030,0.010401950583472878
1742,Uganda,2030,29.27557011895965
1743,Ukraine,2030,110.00912387263688
1744,United Arab Emirates,2030,47.642414019495675
1745,United Kingdom,2030,106.46437468580581
1746,United States,2030,1625.1779248959065
1747,Uruguay,2030,36.91217558730943
1748,Uzbekistan,2030,138.8509122921451
1749,Vanuatu,2030,0.5472280247661823
1750,Venezuela,2030,121.20651440514553
1751,Vietnam,2030,134.75516754891254
1752,Yemen,2030,14.148265689872577
1753,Zambia,2030,75.67985783408669
1754,Zimbabwe,2030,15.368993004338682
