Country Name,Country Code,UN Status,Time,Time Code,Access to Clean Fuels and Technologies for cooking (% of total population) [2.1_ACCESS.CFT.TOT],Access to electricity (% of rural population with access) [1.2_ACCESS.ELECTRICITY.RURAL],Access to electricity (% of total population) [1.1_ACCESS.ELECTRICITY.TOT],Access to electricity (% of urban population with access) [1.3_ACCESS.ELECTRICITY.URBAN],Energy intensity level of primary energy (MJ/2011 USD PPP) [6.1_PRIMARY.ENERGY.INTENSITY],Renewable electricity output (GWh) [4.1.2_REN.ELECTRICITY.OUTPUT],Renewable electricity share of total electricity output (%) [4.1_SHARE.RE.IN.ELECTRICITY],Renewable energy consumption (TJ) [3.1_RE.CONSUMPTION],Renewable energy share of TFEC (%) [2.1_SHARE.TOTAL.RE.IN.TFEC],Total electricity output (GWh) [4.1.1_TOTAL.ELECTRICITY.OUTPUT],Total final energy consumption (TFEC) (TJ) [1.1_TOTAL.FINAL.ENERGY.CONSUM]
United States,USA,Developed,2015,YR2015,100,100,100,100,5.40839254,568439,13.22859321,5097931,8.716935867,4297048,58483061.91
United Kingdom,GBR,Developed,2015,YR2015,100,100,100,100,3.017314468,83551,24.84005042,429157.5,8.711685574,336356,4926228.068
Belgium,BEL,Developed,2015,YR2015,100,100,100,100,4.741274111,14466,20.80002301,128345.2,9.201640531,69548,1394807.802
France,FRA,Developed,2015,YR2015,100,100,100,100,4.101853699,89357,15.85766663,760300.4,13.49926232,563494,5632162.574
Germany,DEU,Developed,2015,YR2015,100,100,100,100,3.603094155,187366,29.23177012,1183042,14.2062527,640967,8327614.785
Italy,ITA,Developed,2015,YR2015,100,100,100,100,3.072198971,108906,38.67922518,778697.1,16.51685058,281562,4714561.631
Luxembourg,LUX,Developed,2015,YR2015,100,100,100,100,2.872757905,431,32.38166792,13392.29,9.031313661,1331,148287.2869
Netherlands,NLD,Developed,2015,YR2015,100,100,100,100,3.936630335,13695,12.44208231,107380.2,5.889463079,110070,1823259.583
Denmark,DNK,Developed,2015,YR2015,100,100,100,100,2.606949617,18962,65.50592462,181410.8,33.17027717,28947,546907.7001
Ireland,IRL,Developed,2015,YR2015,100,100,100,100,1.94829341,7858,27.96540802,39051.66,9.081399013,28099,430018.1056
Greece,GRC,Developed,2015,YR2015,94.31,100,100,100,3.72312235,14850,28.65578326,112744.2,17.17004755,51822,656633.0099
Portugal,PRT,Developed,2015,YR2015,100,100,100,100,3.344354013,24372,47.52637429,169816.1,27.15729839,51281,625305.572
Spain,ESP,Developed,2015,YR2015,100,100,100,100,3.327359042,97088,34.94989057,513540.8,16.25409774,277792,3159454.362
Austria,AUT,Developed,2015,YR2015,100,100,100,100,3.608376708,47243,76.49077927,362355.8,34.39499175,61763,1053513.263
Finland,FIN,Developed,2015,YR2015,100,100,100,100,6.365684433,30525,44.49903057,418361.2,43.23526259,68597,967638.8553
Sweden,SWE,Developed,2015,YR2015,100,100,100,100,4.269061194,102442,63.26274771,679811.9,53.2477698,161931,1276695.536
Cyprus,CYP,Developed,2015,YR2015,100,100,100,100,3.274623243,398,8.780057357,5857.732,9.942066016,4533,58918.65926
Czech Republic,CZE,Developed,2015,YR2015,97.17,100,100,100,5.507708699,9422,11.40457054,142773.3,14.82856195,82616,962826.338
Estonia,EST,Other,2015,YR2015,92.61,100,100,100,6.317018358,1502,14.4187386,31570.59,27.47683347,10417,114898.9386
Hungary,HUN,Developed,2015,YR2015,100,100,100,100,4.318311506,3211,10.58269066,110073.3,15.55936205,30342,707440.9583
Latvia,LVA,Developed,2015,YR2015,95.05,100,100,100,3.914124071,2776,50.17169709,58759.11,38.09801717,5533,154231.4125
Malta,MLT,Other,2015,YR2015,100,100,100,100,1.808454095,100,7.674597084,1026.089,5.355004746,1303,19161.30888
Poland,POL,Developed,2015,YR2015,100,100,100,100,4.135685203,22683,13.80239867,302285.7,11.91148821,164341,2537766.018
Slovak Republic,SVK,Developed,2015,YR2015,96.72,100,100,100,4.478552766,6040,22.67948333,50516.66,13.40916822,26632,376732.2415
Slovenia,SVN,Developed,2015,YR2015,95.99,100,100,100,4.582203127,4355,29.39191469,40762.94,20.87739614,14817,195249.1571
Bulgaria,BGR,Developed,2015,YR2015,88.42,100,100,100,6.384174926,8768,17.988593,69034.96,17.65007793,48742,391131.1909
Romania,ROU,Developed,2015,YR2015,85.33,100,100,100,3.52,26202,39.7469737,211769.1,23.69779403,65922,893623.6838
Croatia,HRV,Developed,2015,YR2015,92.28,100,100,100,4.053076043,7510,66.82683752,89589.79,33.12746664,11238,270439.6053
Afghanistan,AFG,Other,2015,YR2015,30.1,64.2,71.5,92.5,2.457705002,889.5,86.05011125,25134.53,18.42347717,1033.7,136426.6353
Albania,ALB,Transition,2015,YR2015,75.37,100,100,100,2.886611482,5895,100,31555.45,38.61521047,5895,81717.66932
Algeria,DZA,Developing,2015,YR2015,92.7,98.68768253,99.33670807,99.60533142,4.132702365,222,0.322683799,833.6698,0.058958684,68798,1413989.835
American Samoa,ASM,Other,2015,YR2015,..,..,..,..,..,1.5,0.885478158,4.968064,0.885478202,169.4,561.06
Andorra,AND,Other,2015,YR2015,100,100,100,100,..,85.6,86.1167002,1642.52,19.74780863,99.4,8317.479833
Angola,AGO,Developing,2015,YR2015,47.36,7,42,64,3.605959068,5192,53.17492831,243771.1,49.56821033,9764,491789.1898
Anguilla,AIA,Other,2015,YR2015,..,..,100,100,..,0,0,1.827,0.112850434,94.3,1618.957
Antigua and Barbuda,ATG,Other,2015,YR2015,98.67,95.83648999,96.82629395,100,3.891629265,0,0,0,0,340,4701.1
Argentina,ARG,Developing,2015,YR2015,98.29,99.99520874,99.99520874,99.99520874,4.340101621,40791,28.14006912,239470.6,10.04007761,144957,2385146.9
Armenia,ARM,Transition,2015,YR2015,96.62,100,100,100,5.382442932,2210,28.33696628,13445.59,15.79200384,7799,85141.75997
Aruba,ABW,Other,2015,YR2015,..,91.85620644,95.23818207,100,3.324540924,138.4,14.85616144,437.772,6.726747566,931.6,6507.92966
Australia,AUS,Developed,2015,YR2015,100,100,100,100,5.031155464,34405,13.63784109,296838.1,9.18050296,252276,3233353.35
Azerbaijan,AZE,Transition,2015,YR2015,95.1,100,100,100,3.730140783,1738,7.039857421,7681.284,2.310757686,24688,332414.0842
"Bahamas, The",BHS,Other,2015,YR2015,100,100,100,99.87460327,4.033472108,0,0,310.333,1.210512884,2117,25636.48881
Bahrain,BHR,Developing,2015,YR2015,100,100,100,100,9.785209771,0,0,0,0,28484,191733.4593
Bangladesh,BGD,Developing,2015,YR2015,16.68,55.53002068,68.2046814,92.50717926,3.139805024,724,1.226889902,386058.6,34.74706901,59011,1111053.712
Barbados,BRB,Developing,2015,YR2015,99.41,100,100,100,3.78336014,0,0,315.0794,2.786358206,1029.29,11307.92873
Belarus,BLR,Transition,2015,YR2015,98.01,100,100,100,6.470068165,278,0.815679831,44549.43,6.770869532,34082,657957.2947
Belize,BLZ,Other,2015,YR2015,85.18,87.5,91.8,96.9,5.106705462,188.6302778,45.23993047,4279.87,35.0236296,416.9552778,12219.94993
Benin,BEN,Developing,2015,YR2015,6.06,17.2087338,40.03347778,69.14216614,9.07481537,19,5.555555556,76473.18,50.86261794,342,150352.426
Bermuda,BMU,Other,2015,YR2015,..,..,100,100,2.026266021,0,0,123.3681,2.359588007,674.3,5228.374598
Bhutan,BTN,Other,2015,YR2015,51.75,97.43246373,98.42352295,99.99705505,10.40792258,7747.154,99.99354643,54615.38,86.90454832,7747.654,62845.24925
Bolivia,BOL,Developing,2015,YR2015,62.55,74.953562,91.522822,99.46435,4.948243093,2678,31.40243902,48839.15,17.53818183,8528,278473.279
Bosnia and Herzegovina,BIH,Transition,2015,YR2015,62.22,100,100,100,8.723512471,5551,35.51730757,73353.16,40.75006023,15629,180007.4885
Botswana,BWA,Developing,2015,YR2015,63.15,36.04331683,58.52875137,75.18654633,3.351028055,1,0.033704078,23155.78,28.87982699,2967,80179.77395
Brazil,BRA,Developing,2015,YR2015,95.38,98.242607,99.710902,99.956197,4.130221394,430230,73.96690805,3887176,43.7903892,581652,8876778.835
British Virgin Islands,VGB,Other,2015,YR2015,..,..,..,..,..,1.72,1.286269818,18.58448,1.229135669,133.72,1511.995825
Brunei Darussalam,BRN,Developing,2015,YR2015,100,100,100,100,3.6522582,2,0.047619048,5.814209,0.014935036,4200,38929.99684
Burkina Faso,BFA,Developing,2015,YR2015,8.46,1.025499865,18.47008133,59.44869614,6.03244507,93.462,9.354038684,108923.9,74.16718786,999.162,146862.6533
Burundi,BDI,Developing,2015,YR2015,0.83,1.417148343,7.2520895,49.81178284,7.722184375,137.286,82.70938513,49456.45,95.67892425,165.986,51690.01469
Cambodia,KHM,Other,2015,YR2015,16.36,34.12568536,47.56573868,98.98140717,5.769537723,2041,46.41801228,159807,64.92377591,4397,246145.5726
Cameroon,CMR,Developing,2015,YR2015,21.98,20.65606142,58.86510086,90.91780853,4.777529662,5144,76.11719444,217574.9,76.53840041,6758,284268.9406
Canada,CAN,Developed,2015,YR2015,100,100,100,100,7.341491418,422643,63.01145004,1587094,22.02535921,670740,7205757.622
Cape Verde,CPV,Other,2015,YR2015,70.63,86.44994333,90.24390411,92.23994446,2.772725823,85.1,20.20849659,1727.543,26.5797159,421.11,6499.4788
Cayman Islands,CYM,Other,2015,YR2015,..,..,100,100,..,0,0,0,0,639.86,4692.328375
Central African Republic,CAF,Developing,2015,YR2015,0.92,0.389227244,13.38442326,32.84719467,8.103724765,170,99.41520468,13517.51,76.56702001,171,17654.481
Chad,TCD,Developing,2015,YR2015,3.13,0.7,7.7,32.4,2.78131878,0,0,59316.84,89.35739557,228,66381.56766
Channel Islands,CHI,Other,2015,YR2015,..,100,100,100,..,0,0,0,..,..,0
Chile,CHL,Developing,2015,YR2015,92,98.633515,99.714844,99.876858,3.776851218,32872,43.60433496,259606.8,24.88255427,75387,1043328.579
China,CHN,Developing,2015,YR2015,58.54,100,100,100,6.690069702,1398321,23.92681717,9084482,12.41335257,5844158,73183146.53
Colombia,COL,Developing,2015,YR2015,91.29,92.455997,98.186898,99.809718,2.258013702,47095,68.23681122,251833.9,23.56475752,69017,1068688.697
Comoros,COM,Developing,2015,YR2015,8.15,69.49245521,75.38071442,90.30195618,4.691372991,0,0,1607.804,45.33305239,41.9,3546.64845
"Congo, Dem. Rep.",COD,Developing,2015,YR2015,3.94,..,16.41916466,45.64467239,20.937,8926,99.82106911,862513.8,95.81769971,8942,900161.2464
"Congo, Rep.",COG,Developing,2015,YR2015,22.74,22.7,60.4,79.5,4.01614201,925,53.34486736,53145.05,62.40211902,1734,85165.45726
Cook Islands,COK,Other,2015,YR2015,84.54,100,99.97758484,99.85910034,..,2.4,8.163265306,0,0,29.4,693.62
Costa Rica,CRI,Developing,2015,YR2015,93.2,98.641978,99.409804,99.929925,2.878981863,10704,99.00110988,58767.05,38.73341388,10812,151721.8446
Cote d'Ivoire,CIV,Developing,2015,YR2015,17.96,29.99011916,64.0861969,92.92123413,7.235900982,1457,16.72597865,182270.8,64.52802565,8711,282467.6536
Cuba,CUB,Developing,2015,YR2015,79.04,100,100,100,2.107222144,801,3.948146688,57732.18,19.28132064,20288,299420.258
Curacao,CUW,Other,2015,YR2015,..,100,100,100,..,32,3.712296984,85.94772,0.347766268,862,24714.21985
Djibouti,DJI,Developing,2015,YR2015,10.89,2.013218398,52.02577591,66.67652893,3.411896622,0,0,760.8995,15.38059522,405,4947.13949
Dominica,DMA,Other,2015,YR2015,90.06,99.90296936,99.90296936,99.90296936,3.608517112,24.44,16.17578926,117.062,7.82979664,151.09,1495.08353
Dominican Republic,DOM,Developing,2015,YR2015,89.93,95.912364,98.560364,99.827251,2.452040245,2147,11.63244298,37352.98,16.48010921,18457,226654.9301
Ecuador,ECU,Developing,2015,YR2015,95.24,96.398108,98.825883,99.869408,3.623227326,13639,52.80294232,68348.95,13.81668594,25830,494684.1108
"Egypt, Arab Rep.",EGY,Developing,2015,YR2015,97.31,100,100,99.99904633,3.51107011,15030,8.259285514,119103.6,5.709377265,181977,2086104.92
El Salvador,SLV,Developing,2015,YR2015,84.71,90.6,95.4,98,3.649268953,3463,57.8226749,25172.23,24.40076999,5989,103161.6216
Equatorial Guinea,GNQ,Developing,2015,YR2015,34,51.79440269,67.47374725,91.06832886,2.214436859,543,57.82747604,5277.3,7.822799777,939,67460.502
Eritrea,ERI,Developing,2015,YR2015,15.6,37.73939653,45.51332092,74.83933258,4.828972556,2,0.492610837,18744.96,79.7674723,406,23499.50357
Ethiopia,ETH,Developing,2015,YR2015,3.4,20.18473012,33.41859055,88.14826965,13.66926417,10433,99.96167481,1574274,92.16346114,10437,1708132.464
Faeroe Islands,FRO,Other,2015,YR2015,..,100,100,100,..,188.87,60.07143561,623.2519,7.513580492,314.409,8295.0053
Falkland Islands,FLK,Other,2015,YR2015,..,..,..,..,..,5.69,32.23796034,26.28797,3.888827916,17.65,675.98697
Fiji,FJI,Other,2015,YR2015,39.16,95.3480766,97.11949158,98.64508057,4.853864716,411.623,45.01588482,7491.43,31.26394709,914.395,23961.88165
French Guyana,GUF,Other,2015,YR2015,..,..,..,..,..,546,59.15492958,2928.832,32.43836398,923,9028.91404
French Polynesia,PYF,Other,2015,YR2015,..,100,100,100,..,229.69,32.01209739,766.2069,9.829154767,717.51,7795.24708
Gabon,GAB,Developing,2015,YR2015,78.13,49.78388998,90.30747223,96.27935791,6.536376969,930,43.74412041,162175.4,82.00784369,2126,197755.9618
"Gambia, The",GMB,Developing,2015,YR2015,3.23,14.94064073,46.48666382,67.84182739,4.498080953,0,0,5257.01,51.50886249,283.8,10206.03008
Georgia,GEO,Transition,2015,YR2015,76.36,99.98825604,99.99349976,99.99803162,5.780135919,8454,78.03932429,45194.73,28.66253881,10833,157678.7399
Ghana,GHA,Other,2015,YR2015,20.37,60.28639459,75.71527863,88.8361969,3.745240322,5848,50.89200244,117256,41.41279431,11491,283139.5513
Gibraltar,GIB,Other,2015,YR2015,..,..,100,100,..,0,0,0,0,207,6422.718672
Greenland,GRL,Other,2015,YR2015,..,100,100,100,..,422.8573,81.29152578,1239.809,15.53381651,520.1739,7981.35474
Grenada,GRD,Other,2015,YR2015,96.5,91.87168884,91.87168884,91.87168884,2.971628839,0,0,314.0524,10.91957215,206.96,2876.050414
Guadeloupe,GLP,Other,2015,YR2015,..,..,..,..,..,257.3,14.44937384,869.1707,4.682855198,1780.7,18560.6999
Guam,GUM,Other,2015,YR2015,..,100,100,100,..,0,0,0,0,1730.6,5619.6
Guatemala,GTM,Developing,2015,YR2015,45.06,84.12952703,90.50629425,96.49455261,4.483455863,6678,60.39066739,273673.4,63.65099179,11058,429959.3648
Guinea,GIN,Developing,2015,YR2015,1.24,2.385447769,30.96315193,79.28784943,10.61603851,880.6,78.75156502,105240.5,76.26839132,1118.2,137987.0457
Guinea-Bissau,GNB,Developing,2015,YR2015,1.46,..,14.00467014,29.31495667,12.01927215,0,0,23673.55,86.85179394,36.35,27257.4105
Guyana,GUY,Developing,2015,YR2015,72.59,81.02419963,83.56835175,89.93447113,6.36286668,0,0,6723.647,25.25872772,1039.03,26619.104
Haiti,HTI,Developing,2015,YR2015,4.27,..,38.22112656,65.58364868,10.11189212,83,7.996146435,103983.6,76.07221323,1038,136690.6464
Honduras,HND,Developing,2015,YR2015,51.87,78.313718,89.98171,98.897656,6.152413251,3790,42.2755159,102277.9,51.53741358,8965,198453.692
"Hong Kong SAR, China",HKG,Developing,2015,YR2015,..,..,100,100,1.488085793,106,0.278727321,3173.745,0.852783452,38030,372163.061
Iceland,ISL,Developed,2015,YR2015,100,100,100,100,16.5574956,18795,99.97872227,91392.87,77.02968921,18799,118646.292
India,IND,Developing,2015,YR2015,39.88,83.2,88,97.5,4.730910449,212195,15.34305035,8011645,36.02122257,1383004,22241457.76
Indonesia,IDN,Developing,2015,YR2015,56.49,95.22907841,97.53736744,99.83139359,3.525222674,24922,10.65115563,2402254,36.8793481,233984,6513819.044
"Iran, Islamic Rep.",IRN,Developing,2015,YR2015,98.42,99.90629814,99.97505188,100,7.794116299,14326,5.104887878,59942.46,0.913005057,280633,6565402.848
Iraq,IRQ,Developing,2015,YR2015,97.39,99.54856894,99.86218262,100,3.716267081,2572,3.731754737,5867.225,0.798830769,68922,734476.5913
Isle of Man,IMN,Other,2015,YR2015,..,100,100,100,..,4.2,0.833002777,95.54174,4.20758973,504.2,2270.7
Israel,ISR,Developing,2015,YR2015,100,100,100,100,3.590584397,1214,1.89020023,18987.48,3.707766913,64226,512100.1521
Jamaica,JAM,Developing,2015,YR2015,89.89,93.9814326,97.27888489,100,5.207201442,423,10.26200873,13776.31,16.77190746,4122,82139.19635
Japan,JPN,Developed,2015,YR2015,100,100,100,100,3.742386169,165485,15.98478072,664986.9,6.297357081,1035266,10559777.56
Jordan,JOR,Developing,2015,YR2015,99.04,100,99.99832153,99.91533661,4.642661425,184,0.967708005,7400.644,3.229170042,19014,229180.994
Kazakhstan,KAZ,Transition,2015,YR2015,95.07,100,100,100,7.922852451,9448,8.874027877,24725.24,1.558442912,106468,1586534.855
Kenya,KEN,Developing,2015,YR2015,12.76,16,41.6,78.1,7.845690551,8446,87.51424723,475941.6,72.66275251,9651,655000.7859
Kiribati,KIR,Other,2015,YR2015,4.9,92.35,90.55818141,88.31,4.137459979,2,7.272727273,25.75203,4.253998693,27.5,605.3605527
"Korea, Dem. Rep.",PRK,Developing,2015,YR2015,10.08,37.44631958,37.44631958,37.44631958,..,10000,72.79609813,63731.34,23.12326149,13737,275615.7042
"Korea, Rep.",KOR,Other,2015,YR2015,96.68,100,100,100,6.548053372,10406,1.894666312,143837.9,2.707702804,549226,5312174.577
Kosovo,XKX,Other,2015,YR2015,..,..,100,100,..,140,2.287955548,11421.65,20.45090897,6119,55849.10684
Kuwait,KWT,Other,2015,YR2015,100,100,100,100,5.316793252,0,0,0,0,67918,616547.205
Kyrgyz Republic,KGZ,Transition,2015,YR2015,79.98,99.85512396,99.90655518,99.99916077,8.642848441,11100,85.18802763,32594.68,23.3068222,13030,139850.3825
Lao PDR,LAO,Other,2015,YR2015,5.54,83.04169721,89.7,97.8,5.17189025,14252,86.36999958,72479.65,59.31586075,16501.1,122192.697
Lebanon,LBN,Developing,2015,YR2015,..,100,100,100,4.17764316,479,2.603826919,7378.814,3.64671967,18396,202341.1358
Lesotho,LSO,Developing,2015,YR2015,34.74,14.84488546,27.92323875,62.72989655,9.7240285,532.2,100,29038.03,52.13920609,532.2,55693.27226
Liberia,LBR,Developing,2015,YR2015,0.7,4.569977193,13.84009171,23.22174072,25.99234268,0,0,68916.25,83.84704334,310,82192.82071
Libya,LBY,Developing,2015,YR2015,..,96.43650936,98.52876282,99.09996796,4.208260941,0,0,6350.789,1.966554457,37713,322939.9001
Liechtenstein,LIE,Other,2015,YR2015,..,100,100,100,..,67.8,96.85714286,1814.258,63.13444144,70,2873.642276
Lithuania,LTU,Other,2015,YR2015,100,100,100,100,3.859307269,1678,39.40817285,57858.64,28.96117925,4258,199779.9865
"Macao SAR, China",MAC,Other,2015,YR2015,..,..,100,100,0.657095507,0,0,2406.327,7.051363049,962,34125.7
"Macedonia, FYR",MKD,Transition,2015,YR2015,64.9,100,100,100,4.226567457,2029,35.93694651,18886.42,24.21812973,5646,77984.63471
Madagascar,MDG,Developing,2015,YR2015,0.9,..,19.03506088,66.05822754,5.366858454,934.818,54.59645655,91950.46,70.17441591,1712.232,131031.3151
Malawi,MWI,Developing,2015,YR2015,2.49,3.9,10.8,48.7,4.084778354,1920,91.30682899,50722.96,83.6494337,2102.8,60637.54141
Malaysia,MYS,Developing,2015,YR2015,96.3,99.99442009,99.99858856,100,4.682205136,14948,9.957168455,99297.57,5.194442589,150123,1911611.656
Maldives,MDV,Other,2015,YR2015,92.88,99.98900363,99.99401093,100,3.842835874,5,1.277204455,160.2282,1.009594693,391.48,15870.54697
Mali,MLI,Developing,2015,YR2015,0.93,23.4,37.6,83.1,2.826419424,745,43.51635514,47816.79,61.52698472,1712,77716.7778
Marshall Islands,MHL,Other,2015,YR2015,64.63,84.21882173,91.51487732,94.25691223,11.34686242,0.2,0.233372229,185.6301,11.16448465,85.7,1662.684
Martinique,MTQ,Other,2015,YR2015,..,..,..,..,..,48,2.699662542,438.3959,2.448166888,1778,17907.10846
Mauritania,MRT,Developing,2015,YR2015,45.66,..,39.5,78.67417145,3.586048384,134,13.37325349,13415.19,32.15957247,1002,41714.4538
Mauritius,MUS,Developing,2015,YR2015,93.11,100,98.74125671,92.36564636,2.550863415,681,22.72272272,3862.124,11.53736196,2997,33474.93138
Mayotte,MYT,Other,2015,YR2015,..,..,..,..,..,16.8,5.318138651,332.8133,10.24359988,315.9,3248.9877
Mexico,MEX,Developing,2015,YR2015,85.15,98,99,99.3,3.738523429,47897,15.39413379,441721.1,9.215213455,311138,4793389.78
"Micronesia, Fed. Sts.",FSM,Other,2015,YR2015,11.79,68.65122679,73.55422974,90.51625824,6.587446613,1.1,1.601164483,19.75967,1.196237862,68.7,1651.817805
Moldova,MDA,Transition,2015,YR2015,91.34,100,100,100,8.392266857,327,5.368576588,13722.13,14.27368871,6091,96135.83622
Monaco,MCO,Other,2015,YR2015,100,..,100,100,..,0,0,0,..,..,0
Mongolia,MNG,Other,2015,YR2015,41.32,43.13681235,81.1916275,95.96138,6.095249071,170,3.083620533,4468.379,3.42973729,5513,130283.4189
Montenegro,MNE,Transition,2015,YR2015,68.57,99.99932371,99.99916077,99.99906921,4.446375577,1491,49.65034965,11910.79,43.00406055,3003,27696.89617
Montserrat,MSR,Other,2015,YR2015,..,..,..,..,..,0,0,0,0,24,593.2684
Morocco,MAR,Developing,2015,YR2015,96.6,99.56243108,99.58601379,99.60160828,3.154526918,4410,14.30889033,68360.09,11.31745963,30820,604023.2721
Mozambique,MOZ,Developing,2015,YR2015,3.62,5,24,68,17.31057452,17207,86.41088736,376700.5,86.40050892,19913,435993.381
Myanmar,MMR,Developing,2015,YR2015,16.97,48.9,60.5,90.8,3.124188904,9399,58.85410144,449993.5,61.52781165,15970,731366.0082
Namibia,NAM,Developing,2015,YR2015,41.32,27.9422354,50.70343018,76.72318268,3.260718505,1502,97.78645833,18868.63,26.46842984,1536,71287.30382
Nepal,NPL,Developing,2015,YR2015,26.56,84.86755038,87.21362305,97.47068024,7.423828804,3503,100,412327.7,85.26395819,3503,483589.677
New Caledonia,NCL,Other,2015,YR2015,..,100,100,100,..,409.23,14.09470867,1586.183,4.759221211,2903.43,33328.6252
New Zealand,NZL,Developed,2015,YR2015,100,100,100,100,5.423574888,35400,80.08143875,163270.9,30.78917555,44205,530286.6902
Nicaragua,NIC,Developing,2015,YR2015,51.41,55.98073636,81.16313934,98.82325745,5.429633179,2292,50.05459707,50040.28,48.20490919,4579,103807.4355
Niger,NER,Developing,2015,YR2015,1.88,7.1,16.6,60.2,6.949819287,4,0.753295669,89828.49,78.93982752,531,113793.6234
Nigeria,NGA,Developing,2015,YR2015,4.39,32.8,52.5,81.5,5.679560705,5718,18.19512506,4320767,86.63562156,31426,4987286.894
Northern Mariana Islands,MNP,Other,2015,YR2015,..,100,100,100,..,0,0,0,0,429.8,1203.12
Norway,NOR,Developed,2015,YR2015,100,100,100,100,3.753460068,140626,97.70987062,436883.3,57.7720016,143922,756219.7741
Oman,OMN,Developing,2015,YR2015,95.06,100,100,100,6.30342699,0,0,0,0,32758,753718.831
Pakistan,PAK,Developing,2015,YR2015,42.13,90.37,93.5,98.7,4.422162716,34844,31.43034972,1446248,46.47632492,110861,3111795.097
Palau,PLW,Other,2015,YR2015,86.39,96.74203363,99.16146088,99.52066803,10.23860715,0,0,0,0,94.85,2291.5
Panama,PAN,Developing,2015,YR2015,88.47,79.26983554,92.55484009,99.21968842,2.173534444,6726,65.32634033,30721.63,21.23415234,10296,144680.275
Papua New Guinea,PNG,Developing,2015,YR2015,12.85,14.73404409,22.18893433,72.05731964,9.283181838,1442,34.53065134,60749.46,52.49865195,4176,115716.2284
Paraguay,PRY,Developing,2015,YR2015,65,98.59416,99.331532,99.815336,3.952608021,55743,99.99820608,126351.8,61.67699459,55744,204860.5008
Peru,PER,Developing,2015,YR2015,73.87,77.92171,93.852179,98.874896,2.790988421,25443,52.73051336,188380.4,25.50390552,48251,738633.5394
Philippines,PHL,Developing,2015,YR2015,43.21,85.12,89.08,95.91,3.12231564,20944,25.41346632,328178.1,27.45154445,82413,1195481.371
Puerto Rico,PRI,Other,2015,YR2015,..,100,100,100,0.407346612,388.8,1.837446479,1156.599,1.837446383,21159.8,62946
Qatar,QAT,Developing,2015,YR2015,98.44,100,100,100,6.402925539,0,0,0,0,41499,578356.1365
Reunion,REU,Other,2015,YR2015,..,..,..,..,..,756.3,26.15868843,6967.792,17.48542889,2891.2,39849.13407
Russian Federation,RUS,Transition,2015,YR2015,98.15,100,100,100,8.413217751,168963,15.85579515,522370.1,3.304228351,1065623,15809140.43
Rwanda,RWA,Developing,2015,YR2015,0.56,12.4,22.8,72.9,4.884855418,297.95,56.88782816,68929.6,86.65537429,523.75,79544.51823
Saint Pierre et Miquelon,SPM,Other,2015,YR2015,..,..,..,..,..,0.87,1.758641601,8.298344,1.123308981,49.47,738.741
Samoa,WSM,Other,2015,YR2015,31.53,100,99.9382782,99.61303711,5.212621934,40.7,30.35048471,1423.329,34.32489441,134.1,4146.637665
San Marino,SMR,Other,2015,YR2015,100,100,100,100,..,0,0,0,..,..,0
Sao Tome and Principe,STP,Developing,2015,YR2015,17.88,49.91065555,64.51014709,72.33972931,4.663174066,7.3,10.47345768,802.6961,41.05599898,69.7,1955.125
Saudi Arabia,SAU,Developing,2015,YR2015,95.99,100,100,100,5.798652183,1,0.000295564,285.306,0.005976542,338336,4773763.695
Senegal,SEN,Developing,2015,YR2015,31.82,31.8,60.5,86.9,4.976766802,412,10.41719343,48778.32,42.71175163,3955,114203.5111
Serbia,SRB,Transition,2015,YR2015,75.02,99.96153479,99.98274231,99.99971008,6.55752524,10115,26.90517356,69936.12,21.17388528,37595,330294.2237
Seychelles,SYC,Other,2015,YR2015,90.23,99.83879587,99.67832184,99.54100037,2.641402995,9,2.380952381,57.87324,1.352935548,378,4277.6051
Sierra Leone,SLE,Developing,2015,YR2015,0.93,..,16.46837616,43.43280792,6.996643751,125,60.97560976,42555.34,77.66055863,205,54796.5927
Singapore,SGP,Developing,2015,YR2015,100,..,100,100,2.394855513,918,1.820886641,3115.195,0.708635297,50415,439604.8309
Sint Maarten (Dutch part),SXM,Other,2015,YR2015,..,..,100,100,..,0,0,3.8635,0.046334032,432.5,8338.3635
Solomon Islands,SLB,Other,2015,YR2015,8.36,52.6,55.1,67.6,5.017832858,2.19,2.262630437,3214.943,63.3074464,96.79,5078.3015
Somalia,SOM,Developing,2015,YR2015,2.12,10.84334807,28.29240417,54.96121216,..,0,0,98912.04,94.28596661,350,104906.4283
South Africa,ZAF,Developing,2015,YR2015,83.64,72.8518332,85.5,92.37030792,8.69932535,5564,2.255041826,504710.1,17.15014125,246736,2942891.797
South Sudan,SSD,Other,2015,YR2015,0.63,5.058768381,7.935427666,20.35689163,1.08609817,2,0.606060606,6898.052,39.07438432,330,17653.6422
Sri Lanka,LKA,Developing,2015,YR2015,25.44,92.58596244,93.88990021,99.68956757,2.06413179,6390,48.47519345,219348,52.87589204,13182,414835.5546
St. Helena,SHN,Other,2015,YR2015,..,..,..,..,..,2.28,22.50740375,12.408,12.59751705,10.13,98.4956
St. Kitts and Nevis,KNA,Other,2015,YR2015,100,99.90218378,99.93001556,99.98902893,2.560599732,10.3,4.571682202,30.47271,1.642191194,225.3,1855.6128
St. Lucia,LCA,Other,2015,YR2015,96.97,97.67428401,97.16307831,94.91159058,3.186267394,0,0,81.31652,2.132623536,381.268,3812.98052
St. Martin (French part),MAF,Other,2015,YR2015,..,..,70.75880432,88.97912598,..,0,0,0,..,..,0
St. Vincent and the Grenadines,VCT,Other,2015,YR2015,95.9,100,99.45506287,96.55905151,2.927983809,26,15.6626506,140.9913,5.807433397,166,2427.773
Sudan,SDN,Developing,2015,YR2015,38.95,21.71871119,38.00915527,69.90673828,3.956806753,8420,64.53590864,268611.1,61.59674748,13047,436080.0059
Suriname,SUR,Other,2015,YR2015,89.26,70.84483825,87.74467468,96.43399048,3.394167702,1356,60.05314438,6266.811,24.91311036,2258,25154.67121
Swaziland,SWZ,Other,2015,YR2015,48.52,58.17949558,62.99454498,80.7768631,4.611645818,231,46.57258065,23521.78,66.10465921,496,35582.6356
Switzerland,CHE,Developed,2015,YR2015,100,100,100,100,2.194576273,41111,62.19798175,195365.5,25.29198368,66097,772440.4003
Syrian Arab Republic,SYR,Developing,2015,YR2015,99.05,99.14160304,99.63652039,100,4.025233106,413,2.309714222,1299,0.521155172,17881,249253.9786
"Taiwan, China",TWN,Developing,2015,YR2015,..,..,..,..,..,9004,3.531118867,41598.43,2.115320238,254990,1966531.084
Tajikistan,TJK,Transition,2015,YR2015,78.55,99.99638422,99.9973526,100,5.010324752,16900,98.4733714,44129.53,44.65920392,17162,98813.96471
Tanzania,TZA,Developing,2015,YR2015,2.15,9,18.5,51.9,8.344200905,2150,34.15409055,804531.9,85.71304194,6295,938634.1703
Thailand,THA,Developing,2015,YR2015,74.33,99.5,99.6,99.7,5.411958252,15178,8.538478848,722010.9,22.86307013,177760,3157978.766
Timor-Leste,TLS,Other,2015,YR2015,6.53,56.02560386,67.28153394,90.37389374,..,0,0,886.095,18.22368928,350.3,4862.325
Togo,TGO,Developing,2015,YR2015,6.24,18.60855415,45.02854538,84.71802521,14.33932667,61,75.30864198,65965.75,71.26466714,81,92564.45395
Tonga,TON,Other,2015,YR2015,58.85,95.51814909,96.17545319,98.29018402,3.028574128,3.273,5.907409079,23.7621,1.879751582,55.405,1264.108525
Trinidad and Tobago,TTO,Developing,2015,YR2015,99.27,100,100,100,19.08907174,0,0,488.5158,0.284205764,10300,171888.0692
Tunisia,TUN,Developing,2015,YR2015,99.03,100,100,99.99919128,3.775394242,558,2.835942265,39988.56,12.56235035,19676,318320.6874
Turkey,TUR,Developing,2015,YR2015,..,100,100,100,2.946746679,83657,31.95662056,485424.7,13.37423004,261783,3629552.495
Turkmenistan,TKM,Transition,2015,YR2015,99.27,100,100,100,13.86409096,0,0,307.981,0.040887886,22534,753232.8691
Turks and Caicos Islands,TCA,Other,2015,YR2015,..,41.5379174,95.43219757,100,..,0,0,6.782585,0.572166001,239,1185.422585
Tuvalu,TUV,Other,2015,YR2015,48.5,97.78331274,99.0326767,99.87560272,3.910997784,2,28.16901408,0,0,7.1,88.266
Uganda,UGA,Developing,2015,YR2015,0.76,9,18.5,51.9,9.640117484,3227.8,92.95052698,471009,89.05794898,3472.6,528879.2358
Ukraine,UKR,Transition,2015,YR2015,95.49,100,100,100,11.79319991,7103,4.381646803,82440.89,4.144318039,162108,1989251.047
United Arab Emirates,ARE,Developing,2015,YR2015,98.63,100,100,100,5.080419658,296,0.232401112,2869.892,0.137108046,127366,2093160.892
Uruguay,URY,Developing,2015,YR2015,97.91,97.947709,99.70948,99.806205,3.093003656,12168,88.55895197,107022.2,58.02204118,13740,184450.9394
Uzbekistan,UZB,Transition,2015,YR2015,91.82,100,100,100,9.993375387,11830,20.65293296,34727.39,2.9701787,57280,1169202.042
Vanuatu,VUT,Other,2015,YR2015,12.72,28.95500681,44.66961288,89.10011292,3.865568055,13.5,21.25984252,873.3834,36.1110646,63.5,2418.6033
"Venezuela, RB",VEN,Developing,2015,YR2015,95.96,95.1020808,99.46073914,100,4.723961089,74899,63.6950421,195468.2,12.84157855,117590,1522150.873
Vietnam,VNM,Developing,2015,YR2015,63.81,100,100,100,5.944876024,56304,36.7320577,800189.5,34.99856984,153283,2286349.139
Virgin Islands (U.S.),VIR,Other,2015,YR2015,..,100,100,100,..,30.9,3.877525411,91.50184,3.877525214,796.9,2359.8
West Bank and Gaza,PSE,Other,2015,YR2015,..,100,100,100,..,0,0,6701.55,10.47271496,514.6,63990.57
"Yemen, Rep.",YEM,Developing,2015,YR2015,64.28,56.06463225,70.21390533,96.95139313,2.050356491,0,0,2433.201,2.276416687,5326,106887.3293
Zambia,ZMB,Developing,2015,YR2015,16.31,3.7,31.1,67.7,7.343625415,13035,96.99382395,301679.8,87.98545236,13439,342874.6366
Zimbabwe,ZWE,Developing,2015,YR2015,29.36,9.7,33.7,81.2,15.80389705,5119,52.72427644,324422.6,81.79780855,9709,396615.2709
