Country Code,Date,GDP,GDP Per Capita
DEU,2019,4659794737398.96,53815.3653988137
DEU,2018,4514794305292.67,53659.9892931257
DEU,2017,4381793826850.42,53011.7681603117
DEU,2016,4163898794181.89,51930.1627216947
DEU,2015,3895127090047.34,51209.0864620046
DEU,2014,3807112936430.42,50771.0402536316
DEU,2013,3628559701800.76,49873.1147030086
DEU,2012,3487232707438.34,49796.1557414519
DEU,2011,3415020684916.05,49681.286395794
DEU,2010,3187561994873.85,46927.329489172
DEU,2009,3018205018720.86,44975.9611008627
DEU,2008,3103957698735.13,47572.4164323177
DEU,2007,2982137360500.33,47029.4977547019
DEU,2006,2810612327627.45,45605.7420257348
DEU,2005,2622040720917.68,43880.4697983758
DEU,2004,2583207076040.95,43541.2580911849
DEU,2003,2465749300937.88,43019.9061551859
DEU,2002,2406901890705.46,43353.0686488749
DEU,2001,2337145131620.0,43512.3729899114
DEU,2000,2236911602807.63,42858.0189831488
DEU,1999,2158514818382.19,41708.5607983245
DEU,1998,2079452807088.9,40960.5704621276
DEU,1997,2015135479495.69,40156.0050460038
DEU,1996,1968859035644.57,39510.0850283135
DEU,1995,1921185762654.8,39301.9714672169
DEU,1994,1853285021267.37,38821.8153767718
DEU,1993,1772042875808.53,38044.3822651792
DEU,1992,1748149974066.26,38674.0570407454
DEU,1991,1676867309864.1,38232.0920102205
DEU,1990,1543185916262.22,36640.003246059
FRA,2019,3315117580574.84,46183.5217898106
FRA,2018,3120958807400.34,45561.0017682227
FRA,2017,2997296584981.42,44826.5074739036
FRA,2016,2863816346909.39,43914.4816471229
FRA,2015,2719223033898.26,43553.3992916238
FRA,2014,2662033396692.53,43227.453763357
FRA,2013,2608522466158.15,43021.3468314234
FRA,2012,2474003939353.38,42995.5900082538
FRA,2011,2446475413051.0,43069.3302520252
FRA,2010,2336237107185.55,42349.544635803
FRA,2009,2246074865218.48,41745.4821405631
FRA,2008,2259256991361.58,43202.1449281895
FRA,2007,2182048699780.6,43333.7801816556
FRA,2006,2063202748926.06,42570.4940391774
FRA,2005,1926880446239.76,41843.4539898025
FRA,2004,1820581746307.33,41470.3194447529
FRA,2003,1751690281552.46,40627.1499922542
FRA,2002,1762926373243.27,40582.073969006
FRA,2001,1687440623635.58,40419.3014348846
FRA,2000,1589840444463.08,39922.5877503782
FRA,1999,1470523899441.7,38679.3192760745
FRA,1998,1405892097800.21,37592.6356248081
FRA,1997,1333393499384.76,36424.3124305251
FRA,1996,1273968045657.78,35718.8924348436
FRA,1995,1234872151459.92,35346.1519808816
FRA,1994,1184555470552.45,34742.159415775
FRA,1993,1133068052397.45,34068.275151788
FRA,1992,1113845375059.34,34432.6772732668
FRA,1991,1071884778559.65,34059.5874934818
FRA,1990,1026066902289.78,33893.5911576966
ITA,2019,2664945505935.4,42412.6645516756
ITA,2018,2587030339782.73,42198.2432366598
ITA,2017,2529503666965.27,41784.6247136637
ITA,2016,2420426054252.35,41037.6033282618
ITA,2015,2241524993398.74,40444.8076473426
ITA,2014,2200255257934.9,40093.7955279769
ITA,2013,2187377576803.98,40465.1906643631
ITA,2012,2172383785077.79,41704.8265123998
ITA,2011,2173169963370.93,43102.2266122051
ITA,2010,2085496212846.81,42873.1606996339
ITA,2009,2046839852007.77,42280.8418983308
ITA,2008,2089717925618.93,44841.9962745517
ITA,2007,1993080670383.34,45578.5180653498
ITA,2006,1884706039437.51,45138.0062717653
ITA,2005,1746657911754.7,44477.4462060837
ITA,2004,1703326268974.96,44333.9565871966
ITA,2003,1671542411985.02,43995.4915000085
ITA,2002,1639680554324.34,44130.3134865276
ITA,2001,1597879845668.84,44084.1311651619
ITA,2000,1542139023351.08,43264.645140289
ITA,1999,1457193715148.05,41704.904027995
ITA,1998,1423840654724.4,41044.6456034335
ITA,1997,1357847769420.38,40326.303333158
ITA,1996,1308793635935.89,39622.469118191
ITA,1995,1270674822014.3,39137.8144581682
ITA,1994,1209657487651.4,38040.2755420661
ITA,1993,1159427056914.97,37246.8376400066
ITA,1992,1142335926061.37,37590.1870505858
ITA,1991,1107641374526.78,37304.5063037457
ITA,1990,1055176164505.38,36764.7354247013
SWE,2019,574077546615.76,53205.0560060048
SWE,2018,546885183363.695,53146.4610964786
SWE,2017,530433049355.765,52739.0113876719
SWE,2016,500373095507.237,52116.146528174
SWE,2015,481299836150.171,51704.5030400297
SWE,2014,457507742235.106,50009.1061765892
SWE,2013,444616519268.393,49200.135891275
SWE,2012,432488311645.095,49036.3618651384
SWE,2011,421515976518.429,49692.8049739261
SWE,2010,396245955438.947,48519.1327274185
SWE,2009,374899631559.742,46185.526525044
SWE,2008,388684182888.548,48693.8760112453
SWE,2007,373815262454.887,49296.8103008111
SWE,2006,342195667508.727,48012.4753040907
SWE,2005,309212862460.073,46132.2560708622
SWE,2004,304232399561.548,45029.8143437514
SWE,2003,284693548208.76,43328.1838677934
SWE,2002,276017763557.301,42507.854378617
SWE,2001,266348638039.906,41729.6490147453
SWE,2000,262875048303.536,41244.0001327153
SWE,1999,243339601758.025,39430.8683389361
SWE,1998,229128241913.907,37853.8835278226
SWE,1997,219359917504.936,36309.305041126
SWE,1996,211222677778.517,35247.8091498317
SWE,1995,203583170048.806,34755.0094469245
SWE,1994,191838710815.483,33615.033207794
SWE,1993,180742865268.298,32574.6145475222
SWE,1992,180283637693.138,33455.4319939793
SWE,1991,178332829562.472,34046.6972659446
SWE,1990,174499033070.045,34676.9562038025
POL,2019,1299276571937.35,33086.3903328095
POL,2018,1208903726913.46,31765.6828625755
POL,2017,1145045114530.35,30152.741569648
POL,2016,1073934604256.85,28737.541854668
POL,2015,1020174052202.07,27871.2423818539
POL,2014,973566357429.12,26822.9236909234
POL,2013,940325020076.099,25941.9841219804
POL,2012,907167369644.705,25570.4175818106
POL,2011,869769693309.293,25165.7152416289
POL,2010,801336653343.38,23976.3029031363
POL,2009,734835133469.247,23075.4693585519
POL,2008,698096288057.547,22457.7740803511
POL,2007,639917041334.925,21545.2110801519
POL,2006,577439686250.295,20118.1562239142
POL,2005,530341428414.619,18935.3335396469
POL,2004,509395066675.547,18288.1666385396
POL,2003,468286207442.492,17384.6537505755
POL,2002,450394072658.275,16775.3095268979
POL,2001,424633333696.279,16432.0603363276
POL,2000,407661970478.243,16225.0444781708
POL,1999,387468520811.944,15356.304041813
POL,1998,366197753276.07,14673.8434858783
POL,1997,344761172304.934,14031.5763092106
POL,1996,318664573874.385,13188.8279945565
POL,1995,295744653467.47,12445.1114367819
POL,1994,270842221199.277,11651.9842953705
POL,1993,251849872467.228,11089.644448347
POL,1992,237155323465.297,10717.2538742236
POL,1991,226182435709.001,10486.4404152268
POL,1990,235290724466.851,11317.7019709282
ESP,2019,1987305371639.04,40883.3253649157
ESP,2018,1894494241788.17,40328.9379296749
ESP,2017,1843952249000.96,39575.5351485129
ESP,2016,1733039369294.66,38553.6027656606
ESP,2015,1621504088407.1,37450.9172237396
ESP,2014,1558305994181.4,36039.6865479231
ESP,2013,1512074688796.68,35441.6269194499
ESP,2012,1483646917303.62,35840.132947138
ESP,2011,1489595017146.76,36957.1347642127
ESP,2010,1476667689923.04,37393.2116408274
ESP,2009,1489328542180.25,37504.6336346297
ESP,2008,1528583945708.69,39317.9259363344
ESP,2007,1466966823610.29,39598.9070792721
ESP,2006,1362250063103.38,38935.2472156638
ESP,2005,1205129771230.45,38038.3734434592
ESP,2004,1121116894298.13,37323.3712118714
ESP,2003,1055482611361.23,36823.0529738928
ESP,2002,1009753311276.12,36409.3505441254
ESP,2001,937884907929.823,35945.6338774218
ESP,2000,875954915805.158,34826.2887416304
ESP,1999,805891424628.996,33238.6602822338
ESP,1998,768118004304.831,31939.4207151329
ESP,1997,717296290770.854,30722.2357999262
ESP,1996,676109381996.694,29749.7601447858
ESP,1995,645825650574.822,29099.7256940767
ESP,1994,615587227842.629,28444.1013710492
ESP,1993,588687607420.773,27914.5876388367
ESP,1992,581056411334.864,28352.1630988327
ESP,1991,562879226861.518,28229.0519397
ESP,1990,530948358917.284,27598.3402344234
NLD,2019,1034542899621.25,57141.3702839618
NLD,2018,991941839767.178,56454.9252056674
NLD,2017,948181470187.003,55347.9123930263
NLD,2016,890398578051.304,54101.2651616307
NLD,2015,852113154375.18,53223.4426476495
NLD,2014,830318571509.821,52432.6191986655
NLD,2013,827475738129.662,51883.1243700698
NLD,2012,792042289740.032,52104.1389950633
NLD,2011,777880906388.857,52841.767452256
NLD,2010,748922932716.248,52277.8834518946
NLD,2009,737252338565.806,51850.500536906
NLD,2008,763407743799.947,54101.692850208
NLD,2007,719050417259.904,53158.9943147889
NLD,2006,669606824526.415,51337.8560051578
NLD,2005,614044200508.505,49700.2574289129
NLD,2004,582518266772.469,48815.3814206417
NLD,2003,553482674322.596,48031.8909543129
NLD,2002,556285472929.846,48184.0512096001
NLD,2001,532642937201.143,48387.4564829621
NLD,2000,507749234175.488,47645.3993288837
NLD,1999,462796668420.942,46054.8765554336
NLD,1998,435222448623.673,44140.3445465932
NLD,1997,406005938609.433,42434.2733541233
NLD,1996,380056949266.188,40883.4095787303
NLD,1995,361787314768.259,39684.0375649945
NLD,1994,343648990806.356,38675.3935872713
NLD,1993,326787556452.904,37790.2816530157
NLD,1992,315259523221.25,37581.9836329706
NLD,1991,303064750410.393,37231.9972741371
NLD,1990,286171150117.825,36633.0272428189
GRC,2019,336486248967.871,30314.5662843171
GRC,2018,325789646049.54,29711.9219354672
GRC,2017,312843008068.548,29089.0140066987
GRC,2016,299823740356.993,28601.0632605563
GRC,2015,291109078890.537,28536.8465089853
GRC,2014,292335538628.945,28474.11562719
GRC,2013,286168672044.05,28077.3661308356
GRC,2012,279267183855.415,28808.3073737596
GRC,2011,290296713794.743,30909.4916089023
GRC,2010,313282504359.011,33965.7109973323
GRC,2009,337523969989.556,35980.9224651024
GRC,2008,341817992911.939,37696.9309621102
GRC,2007,323607624217.038,37924.2450275154
GRC,2006,314242602601.216,36815.7292908136
GRC,2005,281028288404.685,34950.8890189059
GRC,2004,278670064907.415,34844.7629667314
GRC,2003,260858583966.021,33248.3821996222
GRC,2002,246559427995.662,31502.4052334736
GRC,2001,227711004033.73,30424.5772306879
GRC,2000,210967341177.736,29369.7188977053
GRC,1999,198711870544.202,28377.756375116
GRC,1998,193327891833.661,27637.5940451337
GRC,1997,182842063074.608,26749.3292096524
GRC,1996,171024542921.023,25727.9101110465
GRC,1995,162702585727.623,25122.4973430243
GRC,1994,156083758885.649,24721.0703799291
GRC,1993,149824064606.707,24358.0000240487
GRC,1992,148736355899.827,24900.1129446883
GRC,1991,144411273818.786,24916.6325116704
GRC,1990,135487383669.729,24459.2843846523
ROU,2019,625164173840.483,29908.9785921079
ROU,2018,568867842524.768,28565.4642103002
ROU,2017,532611099707.383,27191.6686640869
ROU,2016,476120109296.399,25238.1869018977
ROU,2015,428641451654.157,23944.301773163
ROU,2014,410588099293.823,22943.7430258446
ROU,2013,395622476975.585,22104.035682998
ROU,2012,379731788431.321,21274.4103264293
ROU,2011,360795114942.241,20748.9224877132
ROU,2010,343773106852.942,20240.8506320273
ROU,2009,339074965190.161,20937.8183362057
ROU,2008,344670870561.193,21976.6507956326
ROU,2007,285802256660.194,19773.0957040772
ROU,2006,244632686372.984,18168.8501473179
ROU,2005,204714313540.175,16719.1839056085
ROU,2004,192682779093.954,15875.1790415364
ROU,2003,162923336368.077,14294.3506226569
ROU,2002,155640767510.347,13866.9754530543
ROU,2001,144332298357.674,12880.8355047673
ROU,2000,131298091469.925,12072.3871346204
ROU,1999,125764065771.538,11767.1501736059
ROU,1998,124786089970.146,11793.1127768244
ROU,1997,125449680305.389,12012.5611233676
ROU,1996,129725832438.706,12588.4487174673
ROU,1995,122928550426.233,12080.1727266675
ROU,1994,113338891329.473,11348.3559052
ROU,1993,106771098534.34,10903.1636093141
ROU,1992,102729378439.275,10724.3755487682
ROU,1991,110092493400.936,11649.2363237225
ROU,1990,122288737292.878,13261.6457422646
HRV,2019,121916910631.264,28508.5166054649
HRV,2018,114617743866.205,27557.537629951
HRV,2017,109694949314.833,26595.738840327
HRV,2016,103182099920.947,25478.5314816333
HRV,2015,96739632455.977,24449.4667091794
HRV,2014,93507647316.3196,23671.8825722687
HRV,2013,92642901896.8506,23600.1802101007
HRV,2012,90201146678.8162,23664.3534678411
HRV,2011,88795201139.4359,24132.1242805057
HRV,2010,84947206694.1289,24123.6809077806
HRV,2009,86163548533.3302,24434.6732458061
HRV,2008,89539883304.3465,26348.0896640308
HRV,2007,83418284099.1955,25889.3990724817
HRV,2006,75136163055.6407,24588.8006363153
HRV,2005,65962085047.1329,23423.2341361823
HRV,2004,62565212792.8475,22483.4620903157
HRV,2003,58312557043.6743,21591.4437740083
HRV,2002,54412215447.9705,20444.4646138869
HRV,2001,49933902310.5921,19460.8827198381
HRV,2000,47382874844.5291,18119.89620579
HRV,1999,44421124193.095,17372.4093611036
HRV,1998,44347243211.1164,17440.1771065677
HRV,1997,42907510117.8955,17087.212721596
HRV,1996,39558453828.87,15928.4495297653
HRV,1995,36770423996.337,14845.4085094113
HRV,1994,,
HRV,1993,,
HRV,1992,,
HRV,1991,,
HRV,1990,,
DNK,2019,348124923446.605,57184.1934507633
DNK,2018,331502619455.559,56102.8219431727
DNK,2017,317448098301.086,55064.9088637057
DNK,2016,297688974563.072,54314.3809429729
DNK,2015,278823156813.193,53018.9324912058
DNK,2014,270330620655.251,52172.6064250178
DNK,2013,262368108591.261,51602.1786698821
DNK,2012,250524614311.535,51338.5937964275
DNK,2011,247352252302.688,51415.6741612409
DNK,2010,238726825969.431,50946.763362866
DNK,2009,222968590830.819,50233.7026878102
DNK,2008,226767483101.984,53109.0331784339
DNK,2007,212808607093.313,53696.9297818417
DNK,2006,202752403003.646,53449.6016251734
DNK,2005,185074466960.377,51606.1955866201
DNK,2004,177856541414.866,50566.9880884925
DNK,2003,165958121874.319,49380.2647665275
DNK,2002,164720383885.92,49322.3809378678
DNK,2001,157815663322.281,49250.5339121584
DNK,2000,153080721837.008,49023.7820960133
DNK,1999,141846293400.642,47411.4676342593
DNK,1998,136920830413.922,46206.4296969225
DNK,1997,131701997542.07,45368.2005173061
DNK,1996,124728959668.485,44118.4722148155
DNK,1995,118559888106.865,43118.3820219823
DNK,1994,112712476577.488,42069.8957966437
DNK,1993,104769177351.97,40075.2133173357
DNK,1992,102333419108.782,40204.656191625
DNK,1991,98132830013.8667,39563.5600181481
DNK,1990,93618075912.1299,39121.1621873761
IRL,2019,436037470943.632,86781.3904024142
IRL,2018,411091813766.909,83470.6239893367
IRL,2017,375592482609.637,78128.181584186
IRL,2016,342011858342.911,73034.513372796
IRL,2015,324698559055.381,71243.4208710382
IRL,2014,237861357856.322,57461.0862704535
IRL,2013,221468263546.13,53320.2216078407
IRL,2012,212758615042.183,52886.885866679
IRL,2011,205441154978.936,52991.8557709335
IRL,2010,197579670763.957,53041.2778400451
IRL,2009,188913080272.807,52382.9593536869
IRL,2008,198813754821.605,55749.3319795117
IRL,2007,205678256112.659,59566.364303386
IRL,2006,188882250899.263,58214.0650320507
IRL,2005,168217664600.522,56918.5822377784
IRL,2004,157394585459.82,55035.2200005574
IRL,2003,144827319500.952,52520.5963961681
IRL,2002,138452090179.502,51818.2423863988
IRL,2001,125832266801.208,49753.5379647128
IRL,2000,114859024263.588,48017.4606953105
IRL,1999,101361429156.062,44462.063665792
IRL,1998,93037939353.9271,40692.0105194266
IRL,1997,83110917542.1993,37830.6858352797
IRL,1996,74455044974.3136,34455.0774873459
IRL,1995,68323207996.7499,32331.6494669118
IRL,1994,61039183879.8282,29642.0022085568
IRL,1993,56510369721.0656,28139.4215162387
IRL,1992,53755062488.2601,27538.9106019678
IRL,1991,50857047931.1567,26830.4243915502
IRL,1990,48262138103.3521,26474.2663219394
BGR,2019,171332939789.409,23091.3421370835
BGR,2018,158775695747.694,22181.496811059
BGR,2017,151163661579.869,21363.0290871128
BGR,2016,141742313480.649,20489.081706016
BGR,2015,131658428003.254,19598.8597903392
BGR,2014,126819807733.502,18727.0817246174
BGR,2013,120468470227.776,18274.7177911088
BGR,2012,118659552117.733,18114.9905420078
BGR,2011,115083648626.799,17945.6590461516
BGR,2010,109990115831.443,17421.3811763524
BGR,2009,105623017310.439,17209.016103112
BGR,2008,107411079958.873,17704.6285215928
BGR,2007,96565937176.0237,16572.2646145741
BGR,2006,86608671601.8735,15438.5407483578
BGR,2005,78822084261.4183,14345.8965831273
BGR,2004,70942301509.2996,13287.7370577012
BGR,2003,65373281344.573,12389.6925751573
BGR,2002,61023165058.3313,11689.704737768
BGR,2001,55759141410.8366,10796.001092849
BGR,2000,52488430058.4563,10194.0846362355
BGR,1999,47685794314.2469,9680.91508971371
BGR,1998,51007006825.9115,10495.9635192835
BGR,1997,47781773047.7142,9997.72609466054
BGR,1996,57173536435.2613,11580.6678421614
BGR,1995,64968369740.8742,10957.9755479119
BGR,1994,61864625171.4239,10605.9277927844
BGR,1993,59489671736.7453,10381.2405074457
BGR,1992,58985934756.2442,10453.4964822995
BGR,1991,62194689835.9315,11152.9258976036
BGR,1990,65709629870.2954,12061.6596365862
BEL,2019,626399512740.897,51707.7918992621
BEL,2018,597058697423.143,51245.9962234656
BEL,2017,577007008859.085,50725.1863102987
BEL,2016,550808613604.066,49969.6181652048
BEL,2015,521017424704.67,49491.6208733935
BEL,2014,503619406808.679,48787.4840814656
BEL,2013,487343797679.386,48243.0201797298
BEL,2012,469720618339.766,48249.3709850364
BEL,2011,451932718764.387,48193.2667345477
BEL,2010,434371355469.353,48010.8168302332
BEL,2009,407954861225.586,47102.3274479829
BEL,2008,405729462246.522,48462.1280598989
BEL,2007,390526169837.718,48629.15208574
BEL,2006,371463742038.671,47250.2135790916
BEL,2005,347658412088.972,46379.1268487736
BEL,2004,333830859759.856,45576.7679401042
BEL,2003,320612812417.695,44196.1176786611
BEL,2002,312900377877.018,43925.6016814993
BEL,2001,296257206516.574,43382.4580097743
BEL,2000,284933266798.329,43058.451690305
BEL,1999,260168701709.78,41616.2608516448
BEL,1998,248631437863.998,40284.5747329507
BEL,1997,241542563912.424,39593.915766875
BEL,1996,230596250406.231,38239.1869056075
BEL,1995,227118978742.505,37814.2692768317
BEL,1994,217273103765.511,37010.9284938806
BEL,1993,206080365514.085,35964.6035534175
BEL,1992,203265766756.14,36456.0306612577
BEL,1991,195740618052.321,36052.4003340586
BEL,1990,185929456761.029,35535.2306339757
PRT,2019,374532896094.664,34797.9943125939
PRT,2018,353153783393.691,34013.0711043603
PRT,2017,340796722600.216,33086.0967739013
PRT,2016,326331225917.538,31887.4192407208
PRT,2015,307312298431.916,31157.7593380913
PRT,2014,298951904406.531,30482.7243767185
PRT,2013,292135407902.921,30080.5117759271
PRT,2012,277991617084.959,30194.4648882665
PRT,2011,282620727896.604,31344.0167874581
PRT,2010,288435921606.665,31837.9731607788
PRT,2009,279893345736.414,31308.5675905476
PRT,2008,281542630016.914,32348.3705880738
PRT,2007,271021439746.467,32291.9561569266
PRT,2006,259405439604.075,31564.2263610023
PRT,2005,238691088867.445,31115.5598732739
PRT,2004,224966587859.803,30931.5054730146
PRT,2003,217839732509.705,30460.6989419928
PRT,2002,212108753260.396,30862.4482317741
PRT,2001,202417544393.21,30794.5331663012
PRT,2000,194311791462.138,30421.1850332823
PRT,1999,181041025245.14,29509.6170762682
PRT,1998,169540543091.832,28561.2387663275
PRT,1997,159553821038.829,27389.0920309024
PRT,1996,149902197416.356,26351.9331287017
PRT,1995,144177201721.798,25555.6680728856
PRT,1994,135416524675.043,24591.1127706723
PRT,1993,131318350924.051,24421.7436573332
PRT,1992,130954696853.582,24961.6698489927
PRT,1991,126657112302.414,24673.4583495265
PRT,1990,117386297661.016,23586.3553134815
AUT,2019,524728424244.656,56352.4445352665
AUT,2018,502771138675.55,55687.1892771302
AUT,2017,480672624842.608,54637.0012845153
AUT,2016,459839268477.882,53688.2823908977
AUT,2015,431091486465.673,53164.8014030839
AUT,2014,417059741085.658,53224.167740644
AUT,2013,406370494341.228,53289.3783085002
AUT,2012,391635006784.261,53590.7183510812
AUT,2011,373031463577.163,53471.7700900142
AUT,2010,351576515990.438,52128.7010485929
AUT,2009,341721658045.841,51311.5254303054
AUT,2008,343812802543.0,53458.6047800438
AUT,2007,326756619923.805,52854.3176042359
AUT,2006,311039320003.298,51120.4495577785
AUT,2005,288086851811.747,49658.7840399317
AUT,2004,275748269094.012,48900.8803870311
AUT,2003,260771892808.661,47895.2191217637
AUT,2002,251984858807.042,47680.2068846392
AUT,2001,238980854446.326,47136.8713255273
AUT,2000,235436116744.555,46725.565286058
AUT,1999,220639956878.73,45308.5685088548
AUT,1998,212777040272.827,43837.7910408527
AUT,1997,202532855128.362,42368.5227241593
AUT,1996,195128419193.771,41546.7382509716
AUT,1995,188005852802.756,40647.8377672031
AUT,1994,179359424579.268,39652.2054553728
AUT,1993,171490050297.844,38871.3722420884
AUT,1992,166643018112.698,38987.8500428783
AUT,1991,159588972388.223,38610.971312619
AUT,1990,149232561323.718,37700.8773623512
CZE,2019,454269384965.603,40314.2284971055
CZE,2018,429335963329.522,39452.7678936873
CZE,2017,407774582307.656,38489.4963100125
CZE,2016,379085413179.319,36982.1887086232
CZE,2015,355311747821.274,36166.9931624967
CZE,2014,339582593690.886,34411.1911214653
CZE,2013,320535090730.576,33536.8724334961
CZE,2012,305309362168.598,33711.0490231477
CZE,2011,302260233093.211,34030.442998817
CZE,2010,290016958369.654,33505.2062512963
CZE,2009,288463589224.797,32856.0147077338
CZE,2008,289157145081.601,34710.7480526214
CZE,2007,269036163173.588,34085.5692629519
CZE,2006,243404083714.201,32466.0948093444
CZE,2005,224201378156.886,30466.1278437654
CZE,2004,212092065914.918,28637.2910939499
CZE,2003,198032542823.473,27306.2114599089
CZE,2002,185474094813.637,26349.0440974244
CZE,2001,179349020434.32,25870.7527071375
CZE,2000,166076931522.484,25045.2268041711
CZE,1999,157590965153.011,23953.078906282
CZE,1998,153451617416.505,23590.6016695585
CZE,1997,151750908250.946,23645.9894336651
CZE,1996,150354643707.911,23761.8234324542
CZE,1995,141985181138.511,22772.542938515
CZE,1994,130923833258.635,21425.6102450964
CZE,1993,124562650661.475,20827.4169396638
CZE,1992,121604436209.207,20836.1791994156
CZE,1991,119500244930.858,20963.6831792428
CZE,1990,130781432077.472,23661.7112261658
FIN,2019,283323675921.652,48621.0885362883
FIN,2018,272319030456.189,48191.2325303143
FIN,2017,261536686678.341,47481.2138160103
FIN,2016,246903462491.942,46161.5829349195
FIN,2015,232930102787.426,45072.7478356206
FIN,2014,228058553146.46,44976.9784459358
FIN,2013,225680035610.262,45328.7935138515
FIN,2012,221285752810.968,45952.6169753228
FIN,2011,220471055643.893,46826.111689491
FIN,2010,209077048564.577,45875.0024955322
FIN,2009,202924165959.537,44662.4526942425
FIN,2008,212980676990.544,48818.4641473246
FIN,2007,199908526290.143,48664.7283627322
FIN,2006,181231093044.756,46412.7875388451
FIN,2005,168146788316.398,44787.45859653
FIN,2004,162980164132.004,43725.5996634904
FIN,2003,151280484339.999,42169.2045120984
FIN,2002,148763741906.139,41439.5550149382
FIN,2001,144265892609.55,40842.8887572068
FIN,2000,138695242916.42,39894.8343691637
FIN,1999,127934744369.414,37795.6628266714
FIN,1998,121501415973.472,36293.9454076268
FIN,1997,111982366923.226,34507.3579393124
FIN,1996,102757500231.52,32548.4334648292
FIN,1995,99862187769.1645,31500.1714394621
FIN,1994,93853000278.2009,30340.974007598
FIN,1993,88412174777.7523,29310.2447985007
FIN,1992,86965084516.6207,29648.4920841032
FIN,1991,87948311302.1459,30831.2425154333
FIN,1990,90417220017.6542,32938.9940061828
HUN,2019,331972658347.038,32622.8508908698
HUN,2018,308700187469.18,31072.9044219454
HUN,2017,289031874731.567,29529.3092284512
HUN,2016,271844815110.907,28230.5536832764
HUN,2015,262494273040.165,27541.4534992241
HUN,2014,252630796804.085,26458.5440412536
HUN,2013,242362495294.426,25324.9631779843
HUN,2012,229637808205.604,24769.1084232477
HUN,2011,228296184503.14,25009.6098194132
HUN,2010,215860857902.379,24493.2902561854
HUN,2009,207405963640.368,24276.7262254787
HUN,2008,207757652349.402,25979.670814072
HUN,2007,191506485550.722,25662.6353647423
HUN,2006,184705079194.291,25561.0077498318
HUN,2005,172222023006.273,24532.3343548483
HUN,2004,164028811074.495,23486.8971945374
HUN,2003,156647558815.992,22356.7143792143
HUN,2002,147567884018.729,21417.9471435399
HUN,2001,134614287671.853,20390.285687826
HUN,2000,121077810763.972,19547.1971641282
HUN,1999,111315201192.571,18660.6404432328
HUN,1998,106750826042.741,18053.4311638144
HUN,1997,101068327697.249,17335.3926461896
HUN,1996,96261028727.6453,16773.298510271
HUN,1995,94771850536.6353,16730.7226603125
HUN,1994,91463090523.1214,16462.2371380002
HUN,1993,86987194811.3277,15969.0849185251
HUN,1992,85466300228.7137,16043.3117422527
HUN,1991,86203429268.219,16543.9712830944
HUN,1990,,
LUX,2019,75188883903.8919,114481.533570261
LUX,2018,71000340500.3936,114109.972454391
LUX,2017,67280181468.9465,112822.605827833
LUX,2016,64399672527.5245,113553.598994566
LUX,2015,59096856502.3694,110951.988769966
LUX,2014,56353766041.0479,108911.348894252
LUX,2013,51940075107.1763,106914.950314366
LUX,2012,48646428610.814,105557.265692399
LUX,2011,47690524461.9649,108505.454959801
LUX,2010,43434533307.3879,108196.793840499
LUX,2009,40987695882.111,105077.951508216
LUX,2008,42362971851.4074,111920.041404729
LUX,2007,40307717243.2934,115415.434682835
LUX,2006,36836477089.73,108174.25489377
LUX,2005,31733108754.2518,104501.908134185
LUX,2004,29341820786.6632,102850.273308526
LUX,2003,27115969640.8047,100685.613620848
LUX,2002,26222378149.9609,100282.717246864
LUX,2001,24679209789.4911,97610.6534409562
LUX,2000,24154411064.4221,96340.2974329719
LUX,1999,21794057203.7217,90210.7478978603
LUX,1998,18855147270.7779,84288.8767665376
LUX,1997,17967628355.5316,80479.1830702037
LUX,1996,17116837815.7775,77092.5730715684
LUX,1995,16191526679.6391,77078.9025549102
LUX,1994,14982332386.0584,77065.5701262041
LUX,1993,14129218630.0844,75247.1255377233
LUX,1992,13245798385.3949,73189.6056720833
LUX,1991,12719226237.75,72842.8175059231
LUX,1990,11324271457.4158,67951.398142145
CYP,2019,36376855078.9005,39544.6818471754
CYP,2018,34574175050.8282,38822.4919713012
CYP,2017,32461369545.2405,37766.901656904
CYP,2016,30135749614.2885,36526.8190572448
CYP,2015,26889780680.0175,34375.5637176701
CYP,2014,25611630279.2852,33064.5801699164
CYP,2013,26181488763.0206,33323.7065366915
CYP,2012,27503409470.4567,35577.770908208
CYP,2011,28345891540.0357,37413.59020453
CYP,2010,27741573353.8928,38226.9931607121
CYP,2009,27406516369.4977,38464.9612046221
CYP,2008,27398523232.8023,40324.1692781575
CYP,2007,25198118570.7654,39894.6789669111
CYP,2006,22513299138.0451,38776.3321181233
CYP,2005,20504289938.429,37653.765432119
CYP,2004,18870225579.1067,36431.9289389505
CYP,2003,17421216997.804,35155.5109035799
CYP,2002,16716214674.5424,34675.7340585353
CYP,2001,16045425527.8132,33816.4340812793
CYP,2000,14780314145.9609,32883.1749117926
CYP,1999,13501977741.0779,31363.860495984
CYP,1998,12737741776.4337,30207.0547909235
CYP,1997,11922588859.8087,28818.6357239701
CYP,1996,11433396890.561,28477.9608167873
CYP,1995,11106857972.1964,28578.6779981033
CYP,1994,10039217687.9001,26855.7258722133
CYP,1993,9281703970.95702,25889.4784933035
CYP,1992,9003857031.88045,26337.9151020846
CYP,1991,8046836703.44861,24723.9747997274
CYP,1990,7726476512.11102,25186.0745387085
LTU,2019,106497033297.345,36974.9463411754
LTU,2018,100384504446.564,35389.9774872093
LTU,2017,95659970670.1725,33821.1954485172
LTU,2016,88699845604.0485,31992.6451834056
LTU,2015,83730597415.0676,30801.4226065896
LTU,2014,82564270189.9137,29905.0027919257
LTU,2013,78911079132.147,28644.145309623
LTU,2012,73635737734.6153,27381.3805315612
LTU,2011,69113557960.608,26019.1980141278
LTU,2010,62112596122.8684,23992.4515963291
LTU,2009,57437546514.3803,23151.4238149608
LTU,2008,66344339088.5645,26877.4548412663
LTU,2007,61698982117.4761,25921.2117447776
LTU,2006,53893968504.078,23058.6059472163
LTU,2005,48263291601.7483,21128.5515595877
LTU,2004,44008465206.2913,19296.1852213958
LTU,2003,41214452084.7705,17907.7316366874
LTU,2002,36132747527.5176,16069.3783550623
LTU,2001,32805212033.5297,14931.4194274433
LTU,2000,29604692441.2476,13901.8708276818
LTU,1999,27565323899.1938,13295.0096487321
LTU,1998,27553343461.5084,13352.5202172779
LTU,1997,25270202754.9848,12335.0587679254
LTU,1996,22964402175.8402,11306.692042994
LTU,1995,21492726074.9094,10671.4719446213
LTU,1994,,
LTU,1993,,
LTU,1992,,
LTU,1991,,
LTU,1990,,
SVN,2019,84888696324.1167,38688.7833893018
SVN,2018,80361841190.1078,38022.049816862
SVN,2017,75734777836.5049,36650.8021903461
SVN,2016,69939494147.2441,34983.790720201
SVN,2015,65283414434.9714,33949.6025823699
SVN,2014,63653371400.3498,33240.4970057813
SVN,2013,61744411397.5613,32376.9603317336
SVN,2012,59745699109.9106,32758.1081044729
SVN,2011,59391588537.9105,33716.9177787681
SVN,2010,57043842484.3091,33498.4993370281
SVN,2009,56221915503.3542,33198.7901596813
SVN,2008,59839627541.6582,36235.4358207379
SVN,2007,55582074447.6016,35062.1580984714
SVN,2006,51555225746.2075,32958.2390512228
SVN,2005,47716592721.283,31266.8634903915
SVN,2004,45412642735.3912,30175.0287252389
SVN,2003,42088620439.2036,28933.1165138888
SVN,2002,40372329697.6097,28118.1957410519
SVN,2001,37762067050.5781,27199.552768972
SVN,2000,35816494136.3765,26393.4636071071
SVN,1999,33876855926.9704,25534.0203939923
SVN,1998,31816542489.3629,24258.6339415737
SVN,1997,30340741122.4503,23437.1875668494
SVN,1996,28403008819.7608,22280.5732893267
SVN,1995,27067548088.6292,21575.5780451498
SVN,1994,25465754653.7216,20728.8628840902
SVN,1993,23672170413.754,19657.6365129132
SVN,1992,22484939131.1387,19068.6467239478
SVN,1991,23254374704.6179,20141.1452104662
SVN,1990,24691137748.649,22122.8871061392
MLT,2019,22946901130.2532,43340.1997204138
MLT,2018,21108159040.5964,43064.0188476449
MLT,2017,19447669385.8849,41554.937907741
MLT,2016,17622099383.3294,40112.9294626374
MLT,2015,16059011070.5794,38780.607115881
MLT,2014,14508619508.7562,35827.2067482218
MLT,2013,13238389611.4923,33596.438069223
MLT,2012,12358651693.0737,32498.9010753582
MLT,2011,11905972930.3157,31901.0819737905
MLT,2010,11535684778.4552,31606.9847927568
MLT,2009,10790163477.5645,30675.8660140019
MLT,2008,10722882905.3865,31688.2604368518
MLT,2007,10123965915.0134,30862.303152007
MLT,2006,9411218181.91931,29782.846991992
MLT,2005,8990872386.14044,29354.7397368716
MLT,2004,8561583901.93594,28465.4227240383
MLT,2003,8283172357.10914,28530.7391857702
MLT,2002,7754899902.19779,28006.5907216345
MLT,2001,7239316994.94431,27398.9025085184
MLT,2000,7134582843.37632,27438.5488172475
MLT,1999,6574187167.30746,25865.0586175854
MLT,1998,6113967634.28041,24846.1269120058
MLT,1997,5790343229.7524,23788.8169220987
MLT,1996,5192575931.38379,22772.3917902057
MLT,1995,4873416082.26319,22088.0501601358
MLT,1994,4488636025.62401,20915.9789183345
MLT,1993,4159720442.45321,19983.242213453
MLT,1992,3889181540.55361,19318.2246460661
MLT,1991,3632144046.03744,18643.9745307008
MLT,1990,3306463145.36309,18025.5143736943
EST,2019,51486474644.4343,36710.4108863026
EST,2018,48064476467.9168,35308.0862153163
EST,2017,44555137202.5778,33820.9187318032
EST,2016,41094057419.7484,32021.0631794111
EST,2015,38669190378.0171,31209.0979746975
EST,2014,38300194537.7593,30663.8502068091
EST,2013,36432844586.0068,29696.409224341
EST,2012,34642139626.1105,29197.8520485886
EST,2011,32890577599.6873,28211.9476676167
EST,2010,29038702699.534,26177.7744401464
EST,2009,27509108593.9042,25433.8860054492
EST,2008,30525885461.1003,29667.0006464343
EST,2007,29721058984.5131,31173.9860429544
EST,2006,26006907483.4107,28847.3225160975
EST,2005,22523015210.7572,26137.4841657167
EST,2004,19786074394.2991,23735.7454380556
EST,2003,17987997014.2133,22098.748264665
EST,2002,16097518329.2373,20415.6933147184
EST,2001,14334071471.3286,18994.6891499703
EST,2000,13183686617.8554,17809.1669748551
EST,1999,11705258558.7846,16252.9157647686
EST,1998,11696751242.4557,16366.8779273799
EST,1997,11149124704.3085,15537.5933885344
EST,1996,9726483064.86399,13588.5007984738
EST,1995,9281316686.69026,12759.6785413497
EST,1994,8697012760.05084,11991.0904036272
EST,1993,8657393357.6129,11933.3695549691
EST,1992,,
EST,1991,,
EST,1990,,
LVA,2019,61600332700.6767,30830.0905248481
LVA,2018,59057492337.3363,29942.0073818529
LVA,2017,55332554898.2565,28488.92360721
LVA,2016,51740645049.4547,27207.1457853837
LVA,2015,49103820599.6763,26489.7584963771
LVA,2014,47540328804.5663,25444.1779182729
LVA,2013,45672616675.1123,24732.0185871891
LVA,2012,43313156236.3567,23911.8740857683
LVA,2011,40760565612.312,22679.4901359437
LVA,2010,36917843177.9469,20953.3435954749
LVA,2009,36273304547.5848,21482.7665110286
LVA,2008,42383912499.5656,24639.1510842382
LVA,2007,39883039015.2438,25225.7092426211
LVA,2006,34922333588.0264,22743.8118753791
LVA,2005,30977938494.0902,20141.6804897106
LVA,2004,27608294804.0511,17992.2326391757
LVA,2003,25192922036.7631,16426.7355786572
LVA,2002,23223235583.3829,15003.0381904872
LVA,2001,21077692575.5144,13844.5614218374
LVA,2000,18981986127.8214,12854.6190222309
LVA,1999,17666600811.7094,12056.7074151012
LVA,1998,16985720475.9086,11630.0937694402
LVA,1997,15730664530.2207,10831.5038347892
LVA,1996,14192922395.2723,9844.08826745035
LVA,1995,13642369949.7972,9492.15350722282
LVA,1994,,
LVA,1993,,
LVA,1992,,
LVA,1991,,
LVA,1990,,
SVK,2019,186409049340.244,32792.555037863
SVK,2018,177427602033.946,32067.3593949964
SVK,2017,168112643083.746,30907.4227912592
SVK,2016,161031437967.59,30040.2935882581
SVK,2015,162302480378.172,29453.6522065811
SVK,2014,157095119197.712,28125.4692525368
SVK,2013,151397294776.879,27398.6472089343
SVK,2012,145644608377.499,27245.3312458622
SVK,2011,140626782410.196,26783.9645815695
SVK,2010,135710939711.011,26071.7118401192
SVK,2009,124441129018.167,24683.892542213
SVK,2008,127626916993.841,26143.05008749
SVK,2007,113943752728.48,24783.8095364728
SVK,2006,101503651409.687,22368.1210029152
SVK,2005,89400253225.0781,20618.0240496771
SVK,2004,81725881901.094,19339.126949539
SVK,2003,76117131516.5072,18365.6869331301
SVK,2002,71578545706.9555,17396.9305364691
SVK,2001,66651011241.1851,16640.2261869845
SVK,2000,61328111773.7871,16086.383743349
SVK,1999,57813914070.6221,15879.3839694458
SVK,1998,57262506195.4346,15912.4515657618
SVK,1997,54278281461.8849,15309.7665672333
SVK,1996,50459305707.5984,14479.998045414
SVK,1995,46550599317.0847,13609.730982728
SVK,1994,43077430360.1754,12896.0364777658
SVK,1993,39712359933.3311,12190.4707869055
SVK,1992,37999832155.1407,12008.7671954383
SVK,1991,,
SVK,1990,,
USA,2019,21374418877706.6,62526.9362080871
USA,2018,20529049174601.6,61391.3729620784
USA,2017,19485393853000.1,59957.7258513035
USA,2016,18707188235000.0,59028.590080063
USA,2015,18219297584000.0,58535.7680204966
USA,2014,17521746534000.0,57313.8597017438
USA,2013,16784849190000.0,56350.6459733513
USA,2012,16197007349000.0,55712.7058319029
USA,2011,15542581104000.0,54884.70736781
USA,2010,14992052727000.0,54437.0834529752
USA,2009,14448933025000.0,53517.5443132917
USA,2008,14712844084000.0,55393.9797366132
USA,2007,14451858650000.0,55996.8983903033
USA,2006,13814611414000.0,55490.8959997208
USA,2005,13036640229000.0,54473.3579070439
USA,2004,12213729147000.0,53111.8347452675
USA,2003,11458243878000.0,51643.7673676193
USA,2002,10936419054000.0,50640.6143552516
USA,2001,10581821399000.0,50237.6561798671
USA,2000,10252345464000.0,50235.8230854306
USA,1999,9630664202000.0,48784.3858300677
USA,1998,9062818211000.0,47108.6405235252
USA,1997,8577554463000.0,45616.7342614867
USA,1996,8073122000000.0,44203.4385165224
USA,1995,7639749000000.0,43094.9519860098
USA,1994,7287236000000.0,42471.1412706805
USA,1993,6858559000000.0,41330.0485761973
USA,1992,6520327000000.0,40756.7004677965
USA,1991,6158129000000.0,39919.7373834581
USA,1990,5963144000000.0,40500.594691121
GBR,2019,3255483893726.23,46699.3024940754
GBR,2018,3120717081029.65,46309.8023832552
GBR,2017,3037047081796.49,45974.8643523571
GBR,2016,2897575333395.3,45428.7228031662
GBR,2015,2768620597517.21,44912.8257998092
GBR,2014,2665874429446.03,44228.3055977099
GBR,2013,2563270947920.74,43422.9895227385
GBR,2012,2440476088673.01,42799.1061804579
GBR,2011,2350795692102.0,42469.6543228734
GBR,2010,2282682174033.24,42153.6297467325
GBR,2009,2181537403209.23,41672.9428140685
GBR,2008,2265856338473.77,43852.1076311794
GBR,2007,2182920267727.36,44323.2160511539
GBR,2006,2115106520891.17,43609.7352915332
GBR,2005,1973200267375.52,42739.7462349013
GBR,2004,1917500286870.9,41708.0102593864
GBR,2003,1805058287003.74,40973.2952958649
GBR,2002,1725816341173.86,39854.7510886469
GBR,2001,1640990228763.58,39114.6664781775
GBR,2000,1555553504801.6,38131.3730583385
GBR,1999,1432713941078.97,36996.1290456808
GBR,1998,1382456880344.43,35889.3162483835
GBR,1997,1343306846698.67,34728.2583237307
GBR,1996,1270405719902.88,33525.4676213816
GBR,1995,1190346310769.6,32793.8709109047
GBR,1994,1125692420871.04,32068.8633045102
GBR,1993,1060838257293.01,30959.8900978489
GBR,1992,1010751556344.17,30280.2763764717
GBR,1991,984577187000.468,30240.983352622
GBR,1990,962845091964.575,30673.0083090826
CHN,2019,23460170142987.6,16116.7042797706
CHN,2018,21730684677908.8,15243.2477845168
CHN,2017,19887032723592.5,14344.4204022609
CHN,2016,18712097152454.8,13487.9479006924
CHN,2015,17796747039247.2,12691.9435827488
CHN,2014,17121277095396.4,11917.3943703448
CHN,2013,16185062523348.3,11150.0485382595
CHN,2012,15124539500643.5,10397.4923377973
CHN,2011,13844365748483.2,9686.91994832714
CHN,2010,12378799198991.3,8884.86082163883
CHN,2009,11059872991679.5,8069.58274859699
CHN,2008,10033103023651.9,7413.01022270135
CHN,2007,8975179758454.35,6795.07481019927
CHN,2006,7651477145393.93,5979.66682113835
CHN,2005,6588682974548.93,5334.61402724015
CHN,2004,5735988672390.37,4817.13118919829
CHN,2003,5072700102298.91,4400.84733598989
CHN,2002,4526001287014.73,4024.46473443999
CHN,2001,4082744489730.68,3712.54025554677
CHN,2000,3687574239861.69,3451.73407463124
CHN,1999,3324630678666.54,3206.73915045404
CHN,1998,3043920539104.22,3004.27307553695
CHN,1997,2791272723017.01,2812.78417661287
CHN,1996,2512072566150.02,2601.57412910201
CHN,1995,2244100189369.77,2391.54428816007
CHN,1994,1981096801679.68,2179.07809430762
CHN,1993,1715736670547.89,1949.40733053159
CHN,1992,1471908821237.84,1731.79010154464
CHN,1991,1259990455655.89,1534.9354650922
CHN,1990,1115133158252.3,1423.70221219528
